Serial (序号)	Idiom (成语)	Frequency (频率)	HSK level (HSK级别)
1:	先发制人	695	
2:	前所未有	323	4
3:	众所周知	273	4
4:	引人注目	253	4
5:	无论如何	208	
6:	坚定不移	182	
7:	理所当然	174	4
8:	千方百计	161	3
9:	当务之急	161	
10:	独立自主	153	4
11:	一意孤行	148	
12:	讨价还价	141	4
13:	显而易见	138	4
14:	韬光养晦	138	
15:	所作所为	135	
16:	史无前例	133	
17:	不可思议	131	
18:	实事求是	129	2
19:	一如既往	118	
20:	举足轻重	114	
21:	出人意料	107	
22:	成千上万	107	3
23:	相提并论	104	
24:	轩然大波	104	
25:	可想而知	103	4
26:	循序渐进	101	4
27:	十面埋伏	101	
28:	不以为然	98	
29:	不得而知	97	
30:	针锋相对	96	
31:	不约而同	93	
32:	全力以赴	93	4
33:	截然不同	92	
34:	源源不断	91	
35:	有目共睹	90	
36:	变本加厉	90	
37:	铤而走险	89	
38:	错综复杂	87	
39:	别有用心	87	
40:	速战速决	87	
41:	沸沸扬扬	87	
42:	突如其来	85	
43:	不言而喻	85	4
44:	不遗余力	84	
45:	一触即发	83	
46:	忧心忡忡	82	
47:	迫不及待	82	
48:	紧锣密鼓	80	
49:	耐人寻味	78	
50:	脱颖而出	78	
51:	咄咄逼人	77	
52:	一无所知	77	
53:	息息相关	77	
54:	举世瞩目	77	4
55:	不择手段	76	
56:	掉以轻心	76	
57:	想方设法	76	4
58:	意想不到	74	
59:	不得人心	73	
60:	层出不穷	72	4
61:	竭尽全力	72	
62:	肆无忌惮	72	
63:	来之不易	71	
64:	艰苦奋斗	71	
65:	与日俱增	71	
66:	大张旗鼓	70	
67:	有朝一日	70	
68:	长治久安	69	
69:	不合时宜	69	
70:	一举一动	68	
71:	顺理成章	68	
72:	首当其冲	68	
73:	迫在眉睫	66	
74:	取而代之	66	
75:	独一无二	66	
76:	拭目以待	65	
77:	训练有素	65	
78:	兵戎相见	64	
79:	小心翼翼	64	4
80:	一年一度	64	
81:	明目张胆	63	
82:	无可奈何	63	3
83:	口口声声	63	
84:	空穴来风	63	
85:	名副其实	63	4
86:	如意算盘	62	
87:	绳之以法	62	
88:	背道而驰	62	
89:	行之有效	62	
90:	卓有成效	62	
91:	甚嚣尘上	61	
92:	接二连三	61	4
93:	如火如荼	61	
94:	当家作主	61	
95:	推波助澜	61	
96:	微乎其微	61	
97:	万无一失	60	
98:	卷土重来	60	
99:	雪上加霜	60	
100:	无能为力	60	4
101:	不好意思	60	
102:	剑拔弩张	59	
103:	自力更生	59	4
104:	一席之地	59	
105:	自始至终	59	3
106:	悬崖勒马	58	
107:	十字路口	58	
108:	东山再起	56	
109:	大势所趋	56	
110:	一波三折	56	
111:	自欺欺人	55	
112:	此起彼伏	55	
113:	青天白日	55	
114:	求同存异	55	
115:	不堪设想	55	
116:	轻而易举	54	
117:	防不胜防	54	
118:	置之不理	54	
119:	自相矛盾	54	3
120:	扑朔迷离	54	
121:	信誓旦旦	53	
122:	根深蒂固	52	4
123:	突飞猛进	52	
124:	停滞不前	51	
125:	出乎意料	51	
126:	深思熟虑	51	
127:	恶性循环	51	
128:	欢欣鼓舞	51	
129:	为所欲为	51	
130:	直言不讳	51	
131:	左右逢源	51	
132:	不相上下	51	4
133:	突然袭击	51	
134:	水落石出	51	
135:	直截了当	50	
136:	耸人听闻	50	
137:	迫不得已	50	
138:	供不应求	50	4
139:	在所难免	50	
140:	严阵以待	50	
141:	大吃一惊	50	
142:	捉襟见肘	50	
143:	一针见血	50	
144:	一模一样	50	
145:	如出一辙	50	
146:	莫名其妙	49	4
147:	异口同声	49	
148:	刮目相看	49	
149:	无可厚非	49	
150:	归根结底	49	
151:	得不偿失	48	4
152:	津津乐道	48	
153:	日新月异	48	
154:	荡然无存	48	
155:	生死存亡	48	
156:	不失时机	48	
157:	焦头烂额	48	
158:	不足为奇	48	
159:	暴露无遗	47	
160:	轻举妄动	47	
161:	难以置信	47	
162:	议论纷纷	47	
163:	不了了之	47	
164:	铺天盖地	46	
165:	不知不觉	46	4
166:	悬而未决	46	
167:	视而不见	46	
168:	随心所欲	45	
169:	见义勇为	45	
170:	一目了然	45	
171:	花花公子	45	
172:	无中生有	45	
173:	措手不及	45	
174:	忍无可忍	45	
175:	袖手旁观	45	
176:	有条不紊	45	
177:	无动于衷	45	
178:	不可收拾	45	
179:	记忆犹新	45	
180:	子虚乌有	44	
181:	水到渠成	44	
182:	蠢蠢欲动	44	
183:	风云人物	44	
184:	无所作为	44	4
185:	迎刃而解	43	
186:	众说纷纭	43	
187:	罪魁祸首	43	
188:	风风雨雨	43	
189:	深入人心	43	
190:	自然而然	43	
191:	安居乐业	42	
192:	无独有偶	42	
193:	未雨绸缪	42	
194:	应运而生	42	
195:	理直气壮	42	4
196:	风云变幻	42	
197:	比比皆是	42	
198:	万众一心	42	
199:	匪夷所思	41	
200:	来龙去脉	41	
201:	惊心动魄	41	
202:	全军覆没	41	
203:	淋漓尽致	41	
204:	如愿以偿	41	
205:	何去何从	41	
206:	遥遥无期	41	
207:	不折不扣	41	
208:	危言耸听	41	
209:	有恃无恐	41	
210:	执迷不悟	40	
211:	出尔反尔	40	
212:	三位一体	40	
213:	刻不容缓	40	
214:	梦寐以求	40	
215:	虎视眈眈	40	
216:	轰轰烈烈	40	
217:	大惊小怪	40	
218:	耿耿于怀	40	
219:	一脉相承	40	
220:	马不停蹄	39	
221:	敲诈勒索	39	
222:	微不足道	39	4
223:	束手无策	39	
224:	混为一谈	39	
225:	兴致勃勃	39	
226:	家喻户晓	39	4
227:	安然无恙	39	
228:	同归于尽	39	
229:	虚张声势	39	
230:	任重道远	39	
231:	昭然若揭	39	
232:	形形色色	39	
233:	力所能及	38	2
234:	适得其反	38	
235:	家常便饭	38	
236:	力不从心	38	
237:	穷兵黩武	38	
238:	始作俑者	38	
239:	源远流长	38	
240:	挺身而出	38	
241:	国计民生	38	
242:	逍遥法外	37	
243:	大起大落	37	
244:	得寸进尺	37	
245:	义无反顾	37	
246:	滥用职权	37	
247:	一帆风顺	37	4
248:	屡见不鲜	37	
249:	坚持不懈	37	
250:	嗤之以鼻	37	
251:	拳打脚踢	37	
252:	说三道四	37	
253:	接连不断	37	
254:	名列前茅	37	
255:	每况愈下	37	
256:	不屑一顾	36	
257:	同日而语	36	
258:	出谋划策	36	
259:	戒备森严	36	
260:	继往开来	36	
261:	令人发指	36	
262:	不甘示弱	36	
263:	小心谨慎	36	
264:	处心积虑	36	
265:	首屈一指	35	
266:	声势浩大	35	
267:	络绎不绝	35	
268:	势均力敌	35	
269:	寥寥无几	35	
270:	触目惊心	35	
271:	前车之鉴	35	
272:	无济于事	35	
273:	呼之欲出	35	
274:	兴风作浪	35	
275:	万不得已	35	
276:	权宜之计	35	
277:	销声匿迹	34	
278:	千丝万缕	34	
279:	不可开交	34	
280:	既成事实	34	
281:	岌岌可危	34	
282:	刻骨铭心	34	
283:	堂而皇之	34	
284:	拒之门外	34	
285:	一应俱全	34	
286:	默默无闻	34	
287:	当之无愧	34	
288:	意味深长	34	
289:	迎头赶上	34	
290:	孤注一掷	34	
291:	大相径庭	34	
292:	情不自禁	33	
293:	两败俱伤	33	
294:	声东击西	33	
295:	毁于一旦	33	
296:	高瞻远瞩	33	
297:	后顾之忧	33	
298:	得天独厚	33	
299:	指日可待	33	
300:	相辅相成	33	
301:	一反常态	33	
302:	大有人在	32	
303:	大获全胜	32	
304:	一清二楚	32	
305:	浑身解数	32	
306:	堂堂正正	32	
307:	一分为二	32	
308:	字里行间	32	
309:	不知去向	32	
310:	全心全意	32	4
311:	化整为零	32	
312:	总而言之	32	3
313:	土崩瓦解	32	
314:	置若罔闻	31	
315:	蒸蒸日上	31	
316:	苦心经营	31	
317:	不可动摇	31	
318:	断章取义	31	
319:	自强不息	31	
320:	进退两难	31	
321:	臭名昭著	31	
322:	雄心壮志	31	
323:	兴高采烈	31	3
324:	审时度势	31	
325:	大街小巷	31	
326:	欣欣向荣	31	4
327:	庞然大物	31	
328:	事与愿违	31	
329:	一蹴而就	31	
330:	潜移默化	31	
331:	有机可乘	31	
332:	遥遥领先	31	
333:	大打出手	31	
334:	天方夜谭	31	
335:	围魏救赵	30	
336:	各式各样	30	
337:	攻心为上	30	
338:	无稽之谈	30	
339:	大有作为	30	
340:	目瞪口呆	30	
341:	习以为常	30	
342:	真相大白	30	
343:	千千万万	30	
344:	不绝于耳	30	
345:	有生力量	30	
346:	玩忽职守	30	
347:	五花八门	30	
348:	蒙混过关	29	
349:	战战兢兢	29	
350:	犹豫不决	29	
351:	发扬光大	29	4
352:	合情合理	29	4
353:	不计其数	29	
354:	出其不意	29	
355:	无家可归	29	
356:	轻描淡写	29	
357:	心有余悸	29	
358:	斩钉截铁	29	4
359:	不堪一击	29	
360:	一口咬定	29	
361:	与众不同	29	
362:	并驾齐驱	29	
363:	从头到尾	29	
364:	近在咫尺	29	
365:	危机四伏	29	
366:	旷日持久	29	
367:	赞不绝口	29	
368:	死灰复燃	28	
369:	古今中外	28	
370:	望而却步	28	
371:	急转直下	28	
372:	热火朝天	28	
373:	冠冕堂皇	28	
374:	惨不忍睹	28	
375:	一心一意	28	
376:	居安思危	28	
377:	惊涛骇浪	28	
378:	翻天覆地	28	
379:	举国上下	28	
380:	矢口否认	28	
381:	曾几何时	28	
382:	火上浇油	28	
383:	旗帜鲜明	28	
384:	了如指掌	28	
385:	蛛丝马迹	28	
386:	绞尽脑汁	28	
387:	长驱直入	28	
388:	弄虚作假	28	4
389:	违法乱纪	28	
390:	风平浪静	28	
391:	风吹草动	28	
392:	不可告人	27	
393:	捕风捉影	27	
394:	可乘之机	27	
395:	天经地义	27	
396:	口诛笔伐	27	
397:	不容置疑	27	
398:	齐心协力	27	
399:	屈指可数	27	
400:	平起平坐	27	
401:	迎头痛击	27	
402:	痴人说梦	27	
403:	耀武扬威	27	
404:	聚精会神	27	3
405:	骇人听闻	27	
406:	一见钟情	27	
407:	名正言顺	27	
408:	无与伦比	27	
409:	我行我素	27	
410:	似是而非	27	4
411:	争先恐后	27	4
412:	不伦不类	27	
413:	精兵强将	27	
414:	遥相呼应	26	
415:	震耳欲聋	26	
416:	后来居上	26	
417:	通力合作	26	
418:	大同小异	26	4
419:	义不容辞	26	
420:	心甘情愿	26	
421:	大名鼎鼎	26	
422:	彻头彻尾	26	
423:	白纸黑字	26	
424:	一塌糊涂	26	
425:	借题发挥	26	
426:	浩浩荡荡	26	4
427:	知己知彼	26	
428:	四面八方	26	3
429:	用武之地	26	
430:	不翼而飞	26	
431:	不见经传	26	
432:	从天而降	26	
433:	走马上任	26	
434:	蒙在鼓里	26	
435:	痛定思痛	26	
436:	分崩离析	26	
437:	深恶痛绝	26	
438:	身体力行	26	
439:	百废待兴	25	
440:	至高无上	25	
441:	掩人耳目	25	
442:	心中有数	25	
443:	纸上谈兵	25	
444:	水涨船高	25	
445:	大错特错	25	
446:	无法无天	25	
447:	讳莫如深	25	
448:	数一数二	25	
449:	久而久之	25	
450:	一筹莫展	25	
451:	不知所措	25	
452:	软硬兼施	25	
453:	东窗事发	25	
454:	另起炉灶	25	
455:	四分五裂	25	
456:	唇齿相依	25	
457:	秘而不宣	25	
458:	双管齐下	25	
459:	网开一面	25	
460:	改弦更张	25	
461:	哗众取宠	25	
462:	异乎寻常	25	
463:	不堪入目	24	
464:	分庭抗礼	24	
465:	恰到好处	24	4
466:	愤愤不平	24	
467:	背水一战	24	
468:	一己之私	24	
469:	分道扬镳	24	
470:	归根到底	24	4
471:	责无旁贷	24	
472:	不闻不问	24	
473:	再接再厉	24	
474:	提心吊胆	24	4
475:	方兴未艾	24	
476:	自给自足	24	
477:	不辱使命	24	
478:	大政方针	24	
479:	众矢之的	24	
480:	名存实亡	24	
481:	土生土长	24	
482:	三缄其口	24	
483:	水泄不通	24	
484:	重蹈覆辙	24	
485:	忍气吞声	24	
486:	统筹兼顾	24	
487:	胡作非为	24	
488:	模棱两可	24	
489:	身家性命	24	
490:	尽如人意	24	
491:	在所不惜	24	
492:	天壤之别	24	
493:	聪明才智	24	
494:	繁荣富强	24	
495:	左右为难	24	
496:	忐忑不安	24	
497:	物美价廉	24	
498:	荷枪实弹	24	
499:	摇身一变	24	
500:	听之任之	23	
501:	眼花缭乱	23	
502:	大是大非	23	
503:	人心惶惶	23	
504:	按捺不住	23	
505:	繁荣昌盛	23	
506:	开诚布公	23	
507:	马首是瞻	23	
508:	一网打尽	23	
509:	畅通无阻	23	
510:	怨声载道	23	
511:	侃侃而谈	23	
512:	无所适从	23	
513:	见缝插针	23	
514:	方便之门	23	
515:	不可一世	23	
516:	一蹶不振	23	
517:	必由之路	23	
518:	煞有介事	22	
519:	千载难逢	22	
520:	绰绰有余	22	
521:	大声疾呼	22	
522:	不明不白	22	
523:	绝无仅有	22	
524:	今非昔比	22	
525:	亡羊补牢	22	
526:	渐入佳境	22	
527:	一盘散沙	22	
528:	耳熟能详	22	
529:	苦不堪言	22	
530:	天下第一	22	
531:	不谋而合	22	
532:	避重就轻	22	
533:	无可置疑	22	
534:	胡说八道	22	
535:	信以为真	22	
536:	置身事外	22	
537:	缓兵之计	22	
538:	一成不变	22	
539:	崭露头角	22	
540:	火上加油	22	
541:	瞠目结舌	22	
542:	狂轰滥炸	22	
543:	不寒而栗	22	
544:	游刃有余	22	
545:	一丝不挂	22	
546:	灭顶之灾	22	
547:	承前启后	22	
548:	恼羞成怒	22	
549:	座无虚席	22	
550:	你死我活	22	
551:	丰功伟绩	21	
552:	脚踏实地	21	
553:	货真价实	21	
554:	急功近利	21	
555:	波澜壮阔	21	
556:	分工合作	21	
557:	倒行逆施	21	
558:	热泪盈眶	21	4
559:	无计可施	21	
560:	化为乌有	21	
561:	以暴易暴	21	
562:	价廉物美	21	
563:	心急如焚	21	
564:	赫赫有名	21	
565:	汗马功劳	21	
566:	见怪不怪	21	
567:	一视同仁	21	
568:	跃跃欲试	21	
569:	语重心长	21	
570:	步步为营	21	
571:	不胜枚举	21	
572:	气急败坏	21	
573:	历历在目	21	
574:	琳琅满目	21	
575:	旗鼓相当	21	
576:	一石二鸟	21	
577:	有生之年	21	
578:	扬长而去	21	
579:	手无寸铁	21	
580:	半壁江山	21	
581:	不欢而散	21	
582:	无影无踪	21	
583:	寿终正寝	21	
584:	如法炮制	21	
585:	不能自拔	21	
586:	光明正大	21	
587:	自以为是	20	
588:	高枕无忧	20	
589:	公平合理	20	
590:	大显身手	20	
591:	各自为政	20	
592:	指手画脚	20	4
593:	大有可为	20	4
594:	勇往直前	20	
595:	感慨万千	20	
596:	箭在弦上	20	
597:	因地制宜	20	
598:	平分秋色	20	
599:	大刀阔斧	20	
600:	有利可图	20	
601:	空头支票	20	
602:	量力而行	20	
603:	乐此不疲	20	
604:	就事论事	20	
605:	紧要关头	20	
606:	奉公守法	20	
607:	难能可贵	20	
608:	风云突变	20	
609:	风起云涌	20	
610:	走投无路	20	
611:	南辕北辙	20	
612:	火中取栗	20	
613:	倾家荡产	20	
614:	温文尔雅	20	
615:	卧薪尝胆	20	
616:	天罗地网	20	
617:	司空见惯	20	
618:	投桃报李	20	
619:	天衣无缝	20	
620:	叹为观止	20	
621:	谈何容易	20	
622:	一臂之力	20	
623:	日日夜夜	20	
624:	胸有成竹	20	
625:	言之凿凿	20	
626:	按部就班	20	
627:	亦步亦趋	20	
628:	生死攸关	20	
629:	力挽狂澜	19	
630:	不置可否	19	
631:	大开眼界	19	
632:	逃之夭夭	19	
633:	对症下药	19	
634:	漏洞百出	19	
635:	贪官污吏	19	
636:	年复一年	19	
637:	当机立断	19	
638:	守口如瓶	19	
639:	得心应手	19	
640:	始终不渝	19	
641:	颠倒黑白	19	
642:	有声有色	19	4
643:	时过境迁	19	
644:	自相残杀	19	
645:	调兵遣将	19	
646:	一丝不苟	19	
647:	同仇敌忾	19	
648:	野心勃勃	19	
649:	和睦相处	19	
650:	小道消息	19	
651:	改头换面	19	
652:	负隅顽抗	19	
653:	和而不同	19	
654:	格格不入	19	4
655:	供过于求	19	
656:	言外之意	19	
657:	顾全大局	19	4
658:	各个击破	19	
659:	招兵买马	19	
660:	无人问津	19	
661:	如临大敌	19	
662:	不可磨灭	19	
663:	通风报信	19	
664:	克敌制胜	19	
665:	同心同德	19	
666:	反败为胜	19	
667:	博大精深	19	
668:	锦上添花	19	
669:	不负众望	19	
670:	居心叵测	19	
671:	不屈不挠	19	
672:	不偏不倚	19	
673:	师出无名	18	
674:	弄巧成拙	18	
675:	冷眼旁观	18	
676:	不以为意	18	
677:	束手就擒	18	
678:	念念不忘	18	
679:	波涛汹涌	18	
680:	瞒天过海	18	
681:	诸如此类	18	4
682:	艰苦卓绝	18	
683:	生机勃勃	18	
684:	釜底抽薪	18	
685:	混淆视听	18	
686:	异想天开	18	
687:	一朝一夕	18	
688:	本来面目	18	
689:	随时随地	18	
690:	不由自主	18	
691:	沆瀣一气	18	
692:	无可争辩	18	
693:	面目全非	18	
694:	玩火自焚	18	
695:	漠不关心	18	
696:	长此以往	18	
697:	啼笑皆非	18	
698:	铜墙铁壁	18	
699:	据理力争	18	
700:	坐以待毙	18	
701:	不期而遇	18	
702:	视若无睹	18	
703:	多事之秋	18	
704:	一拥而上	18	
705:	特立独行	18	
706:	明争暗斗	18	
707:	脱胎换骨	18	
708:	挖空心思	18	
709:	非同小可	18	
710:	纵横捭阖	18	
711:	玉石俱焚	18	
712:	始终如一	18	
713:	投石问路	18	
714:	真心实意	18	
715:	不在话下	18	
716:	煞费苦心	18	
717:	后发制人	18	
718:	挨家挨户	18	
719:	不自量力	18	
720:	整装待发	18	
721:	从中渔利	18	
722:	和盘托出	18	
723:	言过其实	18	
724:	扬眉吐气	18	
725:	情有可原	18	
726:	信口开河	18	
727:	一败涂地	18	
728:	丧权辱国	18	
729:	先天不足	18	
730:	暗渡陈仓	17	
731:	不动声色	17	
732:	垂涎三尺	17	
733:	不攻自破	17	
734:	各抒己见	17	
735:	差强人意	17	
736:	明明白白	17	
737:	含糊其辞	17	
738:	休养生息	17	
739:	灰头土脸	17	
740:	公之于众	17	
741:	光天化日	17	
742:	掩耳盗铃	17	
743:	从长计议	17	
744:	异军突起	17	
745:	功亏一篑	17	
746:	恰如其分	17	4
747:	只字不提	17	
748:	谈笑风生	17	
749:	黯然失色	17	
750:	以牙还牙	17	
751:	大言不惭	17	
752:	烟消云散	17	
753:	改弦易辙	17	
754:	无所不在	17	
755:	狗急跳墙	17	
756:	神出鬼没	17	
757:	无所顾忌	17	
758:	开花结果	17	
759:	必争之地	17	
760:	乘虚而入	17	
761:	煽风点火	17	
762:	四面楚歌	17	
763:	患得患失	17	
764:	坚不可摧	17	
765:	接踵而来	17	
766:	莫衷一是	17	
767:	独占鳌头	17	
768:	无足轻重	17	
769:	一穷二白	17	
770:	狭路相逢	17	
771:	心照不宣	17	
772:	望尘莫及	17	
773:	口不择言	17	
774:	大动干戈	17	
775:	瞬息万变	17	
776:	杯水车薪	17	
777:	操之过急	17	
778:	麻木不仁	16	
779:	屡试不爽	16	
780:	老生常谈	16	
781:	不义之财	16	
782:	庐山真面	16	
783:	人满为患	16	
784:	劳民伤财	16	
785:	滔滔不绝	16	4
786:	以身作则	16	4
787:	财大气粗	16	
788:	顺藤摸瓜	16	
789:	一劳永逸	16	
790:	戛然而止	16	
791:	昙花一现	16	
792:	无孔不入	16	
793:	沾沾自喜	16	
794:	鞭长莫及	16	
795:	峰回路转	16	
796:	一举两得	16	
797:	风尘仆仆	16	
798:	付诸东流	16	
799:	相形见绌	16	
800:	摇旗呐喊	16	
801:	指手划脚	16	
802:	言听计从	16	
803:	摇摇欲坠	16	
804:	恨之入骨	16	
805:	求之不得	16	
806:	欣喜若狂	16	
807:	高楼大厦	16	
808:	忘乎所以	16	
809:	皆大欢喜	16	
810:	迥然不同	16	
811:	不解之缘	16	
812:	举世闻名	16	4
813:	不堪回首	16	
814:	打击报复	16	
815:	开门见山	16	
816:	发号施令	16	
817:	不可逾越	16	
818:	反复无常	16	
819:	反客为主	16	
820:	一落千丈	16	
821:	拨乱反正	16	
822:	纷至沓来	16	
823:	费尽心机	16	
824:	完美无缺	16	
825:	谨言慎行	16	
826:	全神贯注	16	
827:	铁板一块	16	
828:	装腔作势	16	
829:	杀鸡儆猴	16	
830:	崇山峻岭	16	
831:	丧心病狂	16	
832:	一语道破	16	
833:	朝夕相处	16	
834:	草木皆兵	16	
835:	排山倒海	16	
836:	眉来眼去	16	
837:	时不我待	16	
838:	内忧外患	16	
839:	大势已去	16	
840:	一无所有	16	
841:	千疮百孔	16	
842:	冲锋陷阵	16	
843:	油然而生	16	
844:	势不可挡	16	
845:	弥天大谎	16	
846:	起死回生	16	
847:	应有尽有	16	
848:	如日中天	16	
849:	气势汹汹	16	
850:	滔天罪行	15	
851:	不同凡响	15	
852:	轻重缓急	15	
853:	咬牙切齿	15	
854:	惊慌失措	15	
855:	头破血流	15	
856:	从容应对	15	
857:	一拍即合	15	
858:	远见卓识	15	
859:	万里长城	15	
860:	支离破碎	15	
861:	知难而退	15	
862:	耳目一新	15	
863:	势如破竹	15	
864:	热血沸腾	15	
865:	枪林弹雨	15	
866:	手忙脚乱	15	
867:	望而生畏	15	
868:	急于求成	15	
869:	急起直追	15	
870:	战无不胜	15	
871:	众志成城	15	
872:	自圆其说	15	
873:	声嘶力竭	15	
874:	招摇过市	15	
875:	一唱一和	15	
876:	息事宁人	15	
877:	大摇大摆	15	
878:	无庸置疑	15	
879:	改朝换代	15	
880:	无懈可击	15	
881:	振奋人心	15	
882:	风雨飘摇	15	
883:	彬彬有礼	15	
884:	相安无事	15	
885:	兵临城下	15	
886:	失之交臂	15	
887:	年富力强	15	
888:	奋不顾身	15	
889:	锲而不舍	15	
890:	欢聚一堂	15	
891:	盘根错节	15	
892:	抛头露面	15	
893:	平心而论	15	
894:	稳扎稳打	15	
895:	委曲求全	15	
896:	一览无余	15	
897:	难以为继	15	
898:	乱七八糟	15	4
899:	意气风发	15	
900:	忍辱负重	15	
901:	所见所闻	15	
902:	鱼目混珠	15	
903:	滴水不漏	15	
904:	入不敷出	15	
905:	死里逃生	15	
906:	随机应变	15	
907:	勾心斗角	15	
908:	古往今来	15	
909:	连篇累牍	15	
910:	人心所向	15	
911:	漫不经心	15	
912:	哑口无言	15	
913:	牢不可破	15	
914:	老调重弹	15	
915:	守株待兔	14	
916:	富国强兵	14	
917:	旧事重提	14	
918:	后患无穷	14	
919:	喋喋不休	14	
920:	不敢苟同	14	
921:	闭关自守	14	
922:	若无其事	14	
923:	大兴土木	14	
924:	故伎重演	14	
925:	千差万别	14	
926:	心惊肉跳	14	
927:	争分夺秒	14	
928:	接踵而至	14	
929:	举棋不定	14	
930:	并行不悖	14	
931:	十全十美	14	4
932:	痛心疾首	14	
933:	成群结队	14	
934:	路人皆知	14	
935:	石沉大海	14	
936:	义愤填膺	14	
937:	见仁见智	14	
938:	脱口而出	14	
939:	春暖花开	14	
940:	担惊受怕	14	
941:	出生入死	14	
942:	万劫不复	14	
943:	敲山震虎	14	
944:	干净利落	14	
945:	惊世骇俗	14	
946:	惊天动地	14	
947:	体无完肤	14	
948:	如鱼得水	14	
949:	一相情愿	14	
950:	死于非命	14	
951:	混水摸鱼	14	
952:	载歌载舞	14	
953:	水深火热	14	
954:	大权在握	14	
955:	幸灾乐祸	14	
956:	得意洋洋	14	
957:	血流成河	14	
958:	参差不齐	14	
959:	安营扎寨	14	
960:	深信不疑	14	
961:	众望所归	14	
962:	衣食住行	14	
963:	顺水推舟	14	
964:	步调一致	14	
965:	前因后果	14	
966:	有的放矢	14	
967:	欲盖弥彰	14	
968:	胆大妄为	14	
969:	异曲同工	14	
970:	孤立无援	14	
971:	无缘无故	14	
972:	化为泡影	14	
973:	毛骨悚然	14	
974:	善罢甘休	14	
975:	千里迢迢	14	
976:	一以贯之	14	
977:	有名无实	14	
978:	怀恨在心	14	
979:	多此一举	14	
980:	道听途说	14	
981:	三足鼎立	14	
982:	平易近人	14	
983:	因小失大	14	
984:	无事生非	14	
985:	吹灰之力	14	
986:	流离失所	14	
987:	不厌其烦	14	
988:	事出有因	14	
989:	畅所欲言	14	
990:	疲于奔命	14	
991:	引人入胜	14	
992:	风口浪尖	13	
993:	欢呼雀跃	13	
994:	表面文章	13	
995:	一举成名	13	
996:	人山人海	13	
997:	以逸待劳	13	
998:	风和日丽	13	
999:	灰飞烟灭	13	
1000:	颠三倒四	13	
1001:	公平交易	13	
1002:	先声夺人	13	
1003:	落井下石	13	
1004:	青红皂白	13	
1005:	凤毛麟角	13	
1006:	奄奄一息	13	
1007:	身经百战	13	
1008:	浑水摸鱼	13	
1009:	取长补短	13	
1010:	众目睽睽	13	
1011:	满载而归	13	
1012:	设身处地	13	
1013:	赤身裸体	13	
1014:	依依不舍	13	
1015:	债台高筑	13	
1016:	东躲西藏	13	
1017:	避而不谈	13	
1018:	栩栩如生	13	
1019:	艰难困苦	13	
1020:	待价而沽	13	
1021:	监守自盗	13	
1022:	无关紧要	13	
1023:	自顾不暇	13	
1024:	本末倒置	13	
1025:	炙手可热	13	
1026:	无可非议	13	
1027:	恍然大悟	13	
1028:	乌合之众	13	
1029:	故弄玄虚	13	
1030:	趁火打劫	13	
1031:	偷梁换柱	13	
1032:	独当一面	13	
1033:	言而有信	13	
1034:	合而为一	13	
1035:	打草惊蛇	13	
1036:	敬而远之	13	4
1037:	运筹帷幄	13	
1038:	当头一棒	13	
1039:	兢兢业业	13	4
1040:	群龙无首	13	
1041:	精益求精	13	4
1042:	呼风唤雨	13	
1043:	光明磊落	13	
1044:	约定俗成	13	
1045:	哭笑不得	13	
1046:	天下大乱	13	
1047:	苦口婆心	13	
1048:	按兵不动	13	
1049:	面面俱到	13	4
1050:	前赴后继	13	4
1051:	欺人之谈	13	
1052:	是非曲直	13	
1053:	数不胜数	13	
1054:	德高望重	13	
1055:	不可终日	13	
1056:	形迹可疑	13	
1057:	不一而足	13	
1058:	罪大恶极	13	
1059:	叱咤风云	13	
1060:	当仁不让	13	
1061:	内外交困	13	
1062:	金字招牌	13	
1063:	奋发图强	13	
1064:	动之以情	13	
1065:	弹丸之地	13	
1066:	以身殉职	13	
1067:	一事无成	13	
1068:	因势利导	13	
1069:	危在旦夕	13	
1070:	言行不一	13	
1071:	一鸣惊人	13	
1072:	顾此失彼	13	
1073:	当家做主	13	
1074:	进退维谷	13	
1075:	节外生枝	13	
1076:	相得益彰	13	
1077:	引火烧身	12	
1078:	直接了当	12	
1079:	三令五申	12	
1080:	掷地有声	12	
1081:	指名道姓	12	
1082:	喜出望外	12	
1083:	血迹斑斑	12	
1084:	板上钉钉	12	
1085:	相持不下	12	
1086:	三番五次	12	4
1087:	现身说法	12	
1088:	昏迷不醒	12	
1089:	白手起家	12	
1090:	心灰意冷	12	
1091:	各有千秋	12	
1092:	平心静气	12	
1093:	夜以继日	12	
1094:	华而不实	12	
1095:	缓不济急	12	
1096:	山水相连	12	
1097:	黄金时代	12	
1098:	争权夺利	12	
1099:	隐姓埋名	12	
1100:	歌舞升平	12	
1101:	星罗棋布	12	
1102:	半信半疑	12	
1103:	如释重负	12	
1104:	引以为戒	12	
1105:	花团锦簇	12	
1106:	三思而行	12	
1107:	各自为战	12	
1108:	拍案而起	12	
1109:	分化瓦解	12	
1110:	斤斤计较	12	
1111:	金童玉女	12	
1112:	缩手缩脚	12	
1113:	尽善尽美	12	
1114:	远交近攻	12	
1115:	坐立不安	12	
1116:	随波逐流	12	
1117:	所向披靡	12	
1118:	别出心裁	12	
1119:	满目疮痍	12	
1120:	街头巷尾	12	
1121:	粉墨登场	12	
1122:	当头棒喝	12	
1123:	不甘寂寞	12	
1124:	男女老少	12	
1125:	里应外合	12	
1126:	痛哭流涕	12	
1127:	事半功倍	12	
1128:	目中无人	12	4
1129:	偷偷摸摸	12	
1130:	保家卫国	12	
1131:	发人深省	12	
1132:	精神抖擞	12	
1133:	千呼万唤	12	
1134:	井井有条	12	
1135:	同床异梦	12	
1136:	朝气蓬勃	12	4
1137:	为期不远	12	
1138:	谦虚谨慎	12	
1139:	扶老携幼	12	
1140:	短兵相接	12	
1141:	可歌可泣	12	4
1142:	添油加醋	12	
1143:	狼狈为奸	12	
1144:	人才济济	12	
1145:	一锤定音	12	
1146:	以退为进	12	
1147:	说来说去	12	
1148:	机关算尽	12	
1149:	声名狼藉	12	
1150:	无可比拟	12	
1151:	一手遮天	12	
1152:	柳暗花明	12	
1153:	惨无人道	12	
1154:	挑拨离间	12	
1155:	一箭双雕	12	
1156:	日复一日	12	
1157:	一鼓作气	12	
1158:	诚心诚意	12	4
1159:	自由自在	12	
1160:	如虎添翼	12	
1161:	风声鹤唳	12	
1162:	束之高阁	12	
1163:	引经据典	11	
1164:	一无是处	11	
1165:	雷厉风行	11	
1166:	以德报怨	11	
1167:	名符其实	11	
1168:	奇耻大辱	11	
1169:	渔翁之利	11	
1170:	一往无前	11	
1171:	鼓舞人心	11	
1172:	言犹在耳	11	
1173:	扬长避短	11	
1174:	屡战屡败	11	
1175:	埋头苦干	11	
1176:	以假乱真	11	
1177:	一统天下	11	
1178:	骑虎难下	11	
1179:	私相授受	11	
1180:	灵丹妙药	11	
1181:	毛遂自荐	11	
1182:	弱肉强食	11	
1183:	例行公事	11	
1184:	利令智昏	11	
1185:	言而无信	11	
1186:	立竿见影	11	
1187:	雨后春笋	11	
1188:	似曾相识	11	
1189:	渔翁得利	11	
1190:	雪中送炭	11	
1191:	齐头并进	11	
1192:	秋高气爽	11	
1193:	弦外之音	11	
1194:	问心无愧	11	
1195:	无恶不作	11	
1196:	无穷无尽	11	
1197:	振振有词	11	
1198:	萎靡不振	11	
1199:	呕心沥血	11	
1200:	为国捐躯	11	
1201:	将信将疑	11	
1202:	切肤之痛	11	
1203:	舍近求远	11	
1204:	真心诚意	11	
1205:	豁然开朗	11	
1206:	真枪实弹	11	
1207:	真刀真枪	11	
1208:	深谋远虑	11	
1209:	匹夫有责	11	
1210:	无时无刻	11	
1211:	集思广益	11	
1212:	亲密无间	11	
1213:	捷报频传	11	
1214:	一纸空文	11	
1215:	易如反掌	11	
1216:	磨刀霍霍	11	
1217:	穷凶极恶	11	
1218:	摩拳擦掌	11	
1219:	适可而止	11	
1220:	千家万户	11	
1221:	来者不拒	11	
1222:	海市蜃楼	11	
1223:	虚情假意	11	
1224:	开国元勋	11	
1225:	绝处逢生	11	
1226:	心腹大患	11	
1227:	后起之秀	11	
1228:	投鼠忌器	11	
1229:	外强中干	11	
1230:	纠缠不清	11	
1231:	偷工减料	11	
1232:	轻车简从	11	
1233:	同心协力	11	
1234:	横行霸道	11	
1235:	裹足不前	11	
1236:	夸大其词	11	
1237:	从头至尾	11	
1238:	背信弃义	11	
1239:	徇私舞弊	11	
1240:	大失所望	11	
1241:	偃旗息鼓	11	
1242:	杞人忧天	11	
1243:	大呼小叫	11	
1244:	大发雷霆	11	
1245:	反唇相讥	11	
1246:	独善其身	11	
1247:	不可理喻	11	
1248:	背井离乡	11	
1249:	霸王别姬	11	
1250:	独断专行	11	
1251:	卑躬屈膝	11	
1252:	打抱不平	11	
1253:	从容不迫	11	4
1254:	独断独行	11	
1255:	登峰造极	11	
1256:	勃然大怒	11	
1257:	踌躇不前	11	
1258:	不省人事	11	
1259:	不胫而走	11	
1260:	各取所需	11	
1261:	不务正业	11	
1262:	百花齐放	11	4
1263:	灯火辉煌	11	
1264:	充耳不闻	11	
1265:	德才兼备	11	
1266:	奋起直追	11	
1267:	各持己见	11	
1268:	殚精竭虑	11	
1269:	歌功颂德	11	
1270:	自食其言	11	
1271:	好事多磨	10	
1272:	灵机一动	10	
1273:	临危不惧	10	
1274:	林林总总	10	
1275:	引狼入室	10	
1276:	心平气和	10	
1277:	好大喜功	10	
1278:	不由分说	10	
1279:	假戏真做	10	
1280:	不二法门	10	
1281:	风风火火	10	
1282:	海阔天空	10	
1283:	熙熙攘攘	10	
1284:	风度翩翩	10	
1285:	将计就计	10	
1286:	一概而论	10	4
1287:	熟视无睹	10	
1288:	过街老鼠	10	
1289:	心惊胆战	10	
1290:	贼喊捉贼	10	
1291:	自知之明	10	
1292:	得意忘形	10	
1293:	兼而有之	10	
1294:	不亦乐乎	10	
1295:	茶余饭后	10	
1296:	青黄不接	10	
1297:	艰难险阻	10	
1298:	坚韧不拔	10	
1299:	战火纷飞	10	
1300:	顶礼膜拜	10	
1301:	满不在乎	10	
1302:	一飞冲天	10	
1303:	大手大脚	10	
1304:	一面之词	10	
1305:	唇枪舌剑	10	
1306:	趋之若鹜	10	
1307:	腰缠万贯	10	
1308:	深山老林	10	
1309:	妄自菲薄	10	
1310:	杀一儆百	10	
1311:	感情用事	10	
1312:	如履薄冰	10	
1313:	花言巧语	10	
1314:	有求必应	10	
1315:	互通有无	10	
1316:	自食其果	10	
1317:	赶尽杀绝	10	
1318:	刚柔相济	10	
1319:	悬崖峭壁	10	
1320:	肃然起敬	10	
1321:	心心相印	10	
1322:	不可多得	10	
1323:	拂袖而去	10	
1324:	惟利是图	10	
1325:	一望无际	10	
1326:	百感交集	10	
1327:	一气呵成	10	
1328:	玩世不恭	10	
1329:	如坐针毡	10	
1330:	闻所未闻	10	
1331:	众所瞩目	10	
1332:	腹背受敌	10	
1333:	阳奉阴违	10	
1334:	洪水猛兽	10	
1335:	横生枝节	10	
1336:	硕果仅存	10	
1337:	照本宣科	10	
1338:	横冲直撞	10	
1339:	如影随形	10	
1340:	粗制滥造	10	
1341:	见死不救	10	
1342:	离心离德	10	
1343:	狂妄自大	10	
1344:	手足无措	10	
1345:	据为己有	10	
1346:	城下之盟	10	
1347:	石破天惊	10	
1348:	励精图治	10	
1349:	志同道合	10	
1350:	常备不懈	10	
1351:	逐字逐句	10	
1352:	头面人物	10	
1353:	颐指气使	10	
1354:	难分难解	10	
1355:	先入为主	10	
1356:	近水楼台	10	
1357:	惊弓之鸟	10	
1358:	十有八九	10	
1359:	以理服人	10	
1360:	一掷千金	10	
1361:	车水马龙	10	
1362:	前仆后继	10	
1363:	举一反三	10	
1364:	溃不成军	10	
1365:	快马加鞭	10	
1366:	三五成群	10	
1367:	闭关锁国	10	
1368:	左邻右舍	10	
1369:	贪污腐化	10	
1370:	投机取巧	10	
1371:	蔚然成风	10	
1372:	原封不动	10	
1373:	一马当先	10	
1374:	良莠不齐	10	
1375:	疏而不漏	10	
1376:	坐失良机	10	
1377:	一技之长	10	4
1378:	精力充沛	10	
1379:	坐收渔利	10	
1380:	慷慨解囊	10	
1381:	庸人自扰	10	
1382:	冰天雪地	10	
1383:	孜孜以求	10	
1384:	遍地开花	10	
1385:	踌躇满志	10	
1386:	变幻莫测	10	
1387:	语焉不详	10	
1388:	单枪匹马	10	
1389:	捷足先登	10	
1390:	项庄舞剑	10	
1391:	真知灼见	9	
1392:	多才多艺	9	
1393:	咎由自取	9	
1394:	兴师动众	9	
1395:	锣鼓喧天	9	
1396:	千奇百怪	9	
1397:	步履维艰	9	
1398:	举世无双	9	
1399:	麻痹大意	9	
1400:	跃然纸上	9	
1401:	形影不离	9	
1402:	翻箱倒柜	9	
1403:	威风凛凛	9	
1404:	可有可无	9	
1405:	科班出身	9	
1406:	化险为夷	9	
1407:	称王称霸	9	
1408:	画地为牢	9	
1409:	重见天日	9	
1410:	不知所终	9	
1411:	地利人和	9	
1412:	泣不成声	9	
1413:	千变万化	9	
1414:	半途而废	9	4
1415:	发家致富	9	
1416:	暴跳如雷	9	
1417:	救死扶伤	9	
1418:	千军万马	9	4
1419:	震撼人心	9	
1420:	翻山越岭	9	
1421:	满城风雨	9	
1422:	芒刺在背	9	
1423:	漫天要价	9	
1424:	多如牛毛	9	
1425:	破釜沉舟	9	
1426:	唇亡齿寒	9	
1427:	扶摇直上	9	
1428:	立足之地	9	
1429:	心力交瘁	9	
1430:	同流合污	9	
1431:	见多识广	9	
1432:	寸步难行	9	
1433:	独到之处	9	
1434:	风土人情	9	
1435:	喜闻乐见	9	
1436:	飞檐走壁	9	
1437:	喜气洋洋	9	
1438:	打得火热	9	
1439:	物是人非	9	
1440:	误入歧途	9	
1441:	建功立业	9	
1442:	锋芒毕露	9	
1443:	将心比心	9	
1444:	巧立名目	9	
1445:	授人以柄	9	
1446:	斗志昂扬	9	
1447:	其貌不扬	9	
1448:	不知所云	9	
1449:	两手空空	9	
1450:	一笑置之	9	
1451:	草菅人命	9	
1452:	与人为善	9	
1453:	语无伦次	9	
1454:	炉火纯青	9	
1455:	不共戴天	9	
1456:	交相辉映	9	
1457:	小题大作	9	
1458:	祸不单行	9	
1459:	不假思索	9	
1460:	有言在先	9	
1461:	狼子野心	9	
1462:	残缺不全	9	
1463:	张牙舞爪	9	
1464:	清水衙门	9	
1465:	视死如归	9	
1466:	大难不死	9	
1467:	前功尽弃	9	
1468:	同舟共济	9	
1469:	雾里看花	9	
1470:	大快人心	9	
1471:	急不可耐	9	
1472:	徒劳无功	9	
1473:	心血来潮	9	
1474:	大江南北	9	
1475:	唯利是图	9	
1476:	五湖四海	9	
1477:	稍纵即逝	9	
1478:	故技重演	9	
1479:	功成身退	9	
1480:	病入膏肓	9	
1481:	厚颜无耻	9	
1482:	孤家寡人	9	
1483:	红杏出墙	9	
1484:	体贴入微	9	
1485:	无所畏惧	9	
1486:	固若金汤	9	
1487:	仁至义尽	9	
1488:	名不副实	9	
1489:	明知故犯	9	
1490:	高屋建瓴	9	
1491:	后继有人	9	
1492:	不卑不亢	9	4
1493:	含糊其词	9	
1494:	胆大包天	9	
1495:	高人一等	9	
1496:	一门心思	9	
1497:	大有裨益	9	
1498:	公报私仇	9	
1499:	果不其然	9	
1500:	洋洋洒洒	9	
1501:	天伦之乐	9	
1502:	自言自语	9	3
1503:	移花接木	9	
1504:	言行一致	9	
1505:	酸甜苦辣	9	
1506:	只言片语	9	
1507:	不时之需	9	
1508:	无所不能	9	
1509:	蛊惑人心	9	
1510:	怒气冲冲	9	
1511:	太平盛世	9	
1512:	奔走相告	9	
1513:	感同身受	9	
1514:	无人之境	9	
1515:	天下无敌	9	
1516:	猝不及防	9	
1517:	刚愎自用	9	
1518:	不出所料	9	
1519:	拿手好戏	9	
1520:	拐弯抹角	9	
1521:	毫不讳言	8	
1522:	十恶不赦	8	
1523:	难言之隐	8	
1524:	五颜六色	8	
1525:	墨守成规	8	
1526:	以强凌弱	8	
1527:	足不出户	8	
1528:	高谈阔论	8	
1529:	心安理得	8	
1530:	和衷共济	8	
1531:	津津有味	8	4
1532:	饮食起居	8	
1533:	人之常情	8	
1534:	东拉西扯	8	
1535:	招架不住	8	
1536:	尽人皆知	8	
1537:	忠心耿耿	8	
1538:	居高临下	8	
1539:	百战百胜	8	
1540:	合二为一	8	
1541:	冷嘲热讽	8	
1542:	而立之年	8	
1543:	搔首弄姿	8	
1544:	反目成仇	8	
1545:	衣锦还乡	8	
1546:	窒碍难行	8	
1547:	生生不息	8	
1548:	寸步不让	8	
1549:	艰苦朴素	8	
1550:	孜孜不倦	8	
1551:	大材小用	8	
1552:	分而治之	8	
1553:	不速之客	8	
1554:	是是非非	8	
1555:	造谣生事	8	
1556:	损兵折将	8	
1557:	名利双收	8	
1558:	闻风而动	8	
1559:	寸土必争	8	
1560:	劳师动众	8	
1561:	纵横交错	8	
1562:	七零八落	8	
1563:	两全其美	8	
1564:	老谋深算	8	
1565:	灯红酒绿	8	
1566:	精打细算	8	4
1567:	另辟蹊径	8	
1568:	一五一十	8	
1569:	左支右绌	8	
1570:	三天两头	8	
1571:	各就各位	8	
1572:	顾名思义	8	
1573:	语不惊人	8	
1574:	大惊失色	8	
1575:	敷衍了事	8	
1576:	水土不服	8	
1577:	放任自流	8	
1578:	无的放矢	8	
1579:	东西南北	8	
1580:	临危受命	8	
1581:	堆积如山	8	
1582:	从中作梗	8	
1583:	生灵涂炭	8	
1584:	排忧解难	8	
1585:	攻其不备	8	
1586:	疾言厉色	8	
1587:	自暴自弃	8	
1588:	倾巢出动	8	
1589:	一衣带水	8	
1590:	痛改前非	8	
1591:	欺软怕硬	8	
1592:	民脂民膏	8	
1593:	源源不绝	8	
1594:	焕然一新	8	
1595:	看家本领	8	
1596:	不堪入耳	8	
1597:	强词夺理	8	
1598:	初出茅庐	8	
1599:	身不由己	8	
1600:	倒打一耙	8	
1601:	振振有辞	8	
1602:	大功告成	8	
1603:	寝食不安	8	
1604:	一手包办	8	
1605:	代代相传	8	
1606:	杀气腾腾	8	
1607:	无边无际	8	
1608:	廉洁奉公	8	
1609:	阴差阳错	8	
1610:	天之骄子	8	
1611:	盖棺定论	8	
1612:	养尊处优	8	
1613:	面红耳赤	8	
1614:	目不转睛	8	
1615:	重男轻女	8	
1616:	不着边际	8	
1617:	出神入化	8	
1618:	坑蒙拐骗	8	
1619:	燃眉之急	8	
1620:	敲锣打鼓	8	
1621:	推陈出新	8	
1622:	鬼使神差	8	
1623:	趁热打铁	8	
1624:	抛砖引玉	8	
1625:	眉飞色舞	8	
1626:	应接不暇	8	
1627:	苟延残喘	8	
1628:	紧急关头	8	
1629:	出人意外	8	
1630:	以身试法	8	
1631:	恶贯满盈	8	
1632:	靠天吃饭	8	
1633:	三言两语	8	
1634:	养家糊口	8	
1635:	赤膊上阵	8	
1636:	浴血奋战	8	
1637:	门庭若市	8	
1638:	一哄而散	8	4
1639:	等闲视之	8	
1640:	大放厥词	8	
1641:	众口一词	8	
1642:	混淆是非	8	
1643:	浓墨重彩	8	
1644:	声名鹊起	8	
1645:	翻云覆雨	8	
1646:	此起彼落	8	
1647:	落花流水	8	
1648:	别开生面	8	
1649:	落地生根	8	
1650:	汪洋大海	8	
1651:	心狠手辣	8	
1652:	乘风破浪	8	
1653:	暧昧不明	8	
1654:	闪烁其辞	8	
1655:	千篇一律	8	
1656:	师出有名	8	
1657:	大惑不解	8	
1658:	约法三章	8	
1659:	横七竖八	8	
1660:	扫地出门	8	
1661:	心旷神怡	8	
1662:	与虎谋皮	8	
1663:	在天之灵	8	
1664:	以攻为守	8	
1665:	回头是岸	8	
1666:	回味无穷	8	
1667:	半推半就	8	
1668:	死心塌地	8	
1669:	快人快语	8	
1670:	声泪俱下	8	
1671:	怒不可遏	8	
1672:	叫苦不迭	8	
1673:	退避三舍	8	
1674:	吃喝玩乐	8	
1675:	稳操胜券	8	
1676:	狂风暴雨	8	
1677:	脍炙人口	8	
1678:	依然故我	8	
1679:	各执一词	8	
1680:	步履蹒跚	8	
1681:	予取予求	8	
1682:	一点一滴	8	
1683:	无所事事	8	
1684:	百折不挠	8	
1685:	在劫难逃	8	
1686:	言不由衷	8	
1687:	穿针引线	8	
1688:	金戈铁马	7	
1689:	忧心如焚	7	
1690:	心烦意乱	7	
1691:	南征北战	7	
1692:	无可救药	7	
1693:	力排众议	7	
1694:	筋疲力尽	7	
1695:	光宗耀祖	7	
1696:	攻城掠地	7	
1697:	一哄而上	7	
1698:	礼尚往来	7	
1699:	同室操戈	7	
1700:	喜上眉梢	7	
1701:	不甚了了	7	
1702:	不苟言笑	7	
1703:	相依为命	7	
1704:	沉默寡言	7	
1705:	千夫所指	7	
1706:	食言而肥	7	
1707:	锒铛入狱	7	
1708:	想入非非	7	
1709:	亡国灭种	7	
1710:	举手投足	7	
1711:	孤军奋战	7	
1712:	捐弃前嫌	7	
1713:	翻来覆去	7	
1714:	出言不逊	7	
1715:	欲罢不能	7	
1716:	苟且偷生	7	
1717:	天花乱坠	7	
1718:	天昏地暗	7	
1719:	一呼百应	7	
1720:	原形毕露	7	
1721:	臭名远扬	7	
1722:	天寒地冻	7	
1723:	欲擒故纵	7	
1724:	康庄大道	7	
1725:	置之死地	7	
1726:	日以继夜	7	
1727:	世外桃源	7	
1728:	无关痛痒	7	
1729:	朝思暮想	7	
1730:	川流不息	7	4
1731:	攻守同盟	7	
1732:	精锐之师	7	
1733:	一言一行	7	
1734:	泛滥成灾	7	
1735:	恃强凌弱	7	
1736:	寡不敌众	7	
1737:	前所未闻	7	
1738:	一干二净	7	4
1739:	比翼双飞	7	
1740:	纸醉金迷	7	
1741:	放虎归山	7	
1742:	功成名就	7	
1743:	势不两立	7	
1744:	坐享其成	7	
1745:	先见之明	7	
1746:	胆战心惊	7	
1747:	百战不殆	7	
1748:	像模像样	7	
1749:	半夜三更	7	
1750:	以卵击石	7	
1751:	小恩小惠	7	
1752:	一家之言	7	
1753:	天女散花	7	
1754:	对答如流	7	
1755:	狼狈不堪	7	
1756:	手舞足蹈	7	
1757:	心急火燎	7	
1758:	忘恩负义	7	
1759:	掌上明珠	7	
1760:	从善如流	7	
1761:	信口雌黄	7	
1762:	血流如注	7	
1763:	自我陶醉	7	
1764:	张冠李戴	7	
1765:	安于现状	7	
1766:	徒有虚名	7	
1767:	鹿死谁手	7	
1768:	惨绝人寰	7	
1769:	星星之火	7	
1770:	浮想联翩	7	
1771:	积重难返	7	
1772:	出类拔萃	7	
1773:	生老病死	7	
1774:	望子成龙	7	
1775:	另眼相看	7	
1776:	家家户户	7	
1777:	妻离子散	7	
1778:	无声无息	7	
1779:	出乎预料	7	
1780:	自私自利	7	4
1781:	心满意足	7	
1782:	一念之差	7	
1783:	钻牛角尖	7	
1784:	心直口快	7	
1785:	明哲保身	7	
1786:	倾巢而出	7	
1787:	溜之大吉	7	
1788:	令人作呕	7	
1789:	和蔼可亲	7	
1790:	惺惺作态	7	
1791:	稳步前进	7	
1792:	神通广大	7	
1793:	神乎其神	7	
1794:	威胁利诱	7	
1795:	吃里扒外	7	
1796:	破门而入	7	
1797:	行云流水	7	
1798:	万全之策	7	
1799:	冲昏头脑	7	
1800:	平淡无奇	7	
1801:	画饼充饥	7	
1802:	甜言蜜语	7	
1803:	貌合神离	7	
1804:	山穷水尽	7	
1805:	四通八达	7	
1806:	冒名顶替	7	
1807:	一决雌雄	7	
1808:	面面相觑	7	
1809:	付之一炬	7	
1810:	论资排辈	7	
1811:	天灾人祸	7	
1812:	登堂入室	7	
1813:	活灵活现	7	
1814:	穷困潦倒	7	
1815:	铁证如山	7	
1816:	一丝一毫	7	
1817:	出人意表	7	
1818:	高高在上	7	
1819:	马放南山	7	
1820:	自作自受	7	
1821:	暗无天日	7	
1822:	重整旗鼓	7	
1823:	拔刀相助	7	
1824:	价值连城	7	
1825:	欺上瞒下	7	
1826:	海纳百川	7	
1827:	风华正茂	7	
1828:	品头论足	7	
1829:	深不可测	7	
1830:	两面三刀	7	
1831:	巧取豪夺	7	
1832:	一走了之	7	
1833:	各得其所	7	
1834:	寸草不生	7	
1835:	有备无患	7	
1836:	束手束脚	7	
1837:	通宵达旦	7	
1838:	害群之马	7	
1839:	自得其乐	7	
1840:	不依不饶	7	
1841:	江河日下	7	
1842:	揭竿而起	7	
1843:	不乏其人	7	
1844:	无出其右	7	
1845:	一笑了之	7	
1846:	望梅止渴	7	
1847:	受宠若惊	7	
1848:	作奸犯科	7	
1849:	无理取闹	7	
1850:	咬紧牙关	7	
1851:	一字一句	7	
1852:	如获至宝	7	
1853:	咬文嚼字	7	
1854:	自我解嘲	7	
1855:	寥寥可数	7	
1856:	指鹿为马	7	
1857:	避实就虚	7	
1858:	循规蹈矩	7	
1859:	人尽其才	7	
1860:	天下太平	7	
1861:	抽丝剥茧	7	
1862:	七上八下	7	
1863:	数典忘祖	7	
1864:	生气勃勃	7	
1865:	毫无二致	7	
1866:	面不改色	6	
1867:	赤手空拳	6	
1868:	自取灭亡	6	
1869:	凭空捏造	6	
1870:	绵里藏针	6	
1871:	疑神疑鬼	6	
1872:	无以复加	6	
1873:	依然如故	6	
1874:	神经过敏	6	
1875:	男欢女爱	6	
1876:	无地自容	6	
1877:	独树一帜	6	
1878:	丧尽天良	6	
1879:	不辞而别	6	4
1880:	盛气凌人	6	
1881:	夸夸其谈	6	
1882:	低三下四	6	
1883:	夸大其辞	6	
1884:	先斩后奏	6	
1885:	贤妻良母	6	
1886:	能上能下	6	
1887:	因噎废食	6	
1888:	鱼死网破	6	
1889:	一语双关	6	
1890:	省吃俭用	6	
1891:	门禁森严	6	
1892:	鼻青脸肿	6	
1893:	空中楼阁	6	
1894:	无微不至	6	4
1895:	引而不发	6	
1896:	门当户对	6	4
1897:	雨过天晴	6	
1898:	临阵脱逃	6	
1899:	一笔勾消	6	
1900:	吞吞吐吐	6	
1901:	神采飞扬	6	
1902:	恋恋不舍	6	
1903:	实至名归	6	
1904:	自生自灭	6	
1905:	不管不顾	6	
1906:	扣人心弦	6	
1907:	飘洋过海	6	
1908:	低声下气	6	
1909:	有口皆碑	6	
1910:	判若两人	6	
1911:	雷霆万钧	6	
1912:	姗姗来迟	6	
1913:	闭门造车	6	
1914:	一步登天	6	
1915:	诱敌深入	6	
1916:	欺世盗名	6	
1917:	丢人现眼	6	
1918:	渔人之利	6	
1919:	逆来顺受	6	
1920:	称兄道弟	6	
1921:	漏网之鱼	6	
1922:	拖泥带水	6	
1923:	自不量力	6	
1924:	流言蜚语	6	
1925:	身先士卒	6	
1926:	喜笑颜开	6	
1927:	尸横遍野	6	
1928:	无名英雄	6	
1929:	诚惶诚恐	6	
1930:	无所不包	6	
1931:	一刀两断	6	
1932:	得道多助	6	
1933:	僧多粥少	6	
1934:	妙趣横生	6	
1935:	永垂不朽	6	4
1936:	乐在其中	6	
1937:	落叶归根	6	
1938:	两肋插刀	6	
1939:	七拼八凑	6	
1940:	鸣金收兵	6	
1941:	投其所好	6	
1942:	避人耳目	6	
1943:	无济於事	6	
1944:	包罗万象	6	
1945:	五彩缤纷	6	
1946:	年逾古稀	6	
1947:	明辨是非	6	
1948:	图谋不轨	6	
1949:	理屈词穷	6	
1950:	备而不用	6	
1951:	赏心悦目	6	
1952:	握手言欢	6	
1953:	略胜一筹	6	
1954:	做贼心虚	6	
1955:	长途跋涉	6	
1956:	以讹传讹	6	
1957:	水乳交融	6	
1958:	一往情深	6	
1959:	为非作恶	6	
1960:	情同手足	6	
1961:	即兴之作	6	
1962:	烽火连天	6	
1963:	足智多谋	6	
1964:	斩草除根	6	4
1965:	扪心自问	6	
1966:	风烛残年	6	
1967:	情真意切	6	
1968:	祸国殃民	6	
1969:	行色匆匆	6	
1970:	不毛之地	6	
1971:	取信于民	6	
1972:	惶恐不安	6	
1973:	全民皆兵	6	
1974:	屈打成招	6	
1975:	不露声色	6	
1976:	惺惺相惜	6	
1977:	醉生梦死	6	
1978:	众叛亲离	6	
1979:	付之东流	6	
1980:	轻车熟路	6	
1981:	入乡随俗	6	
1982:	心慈手软	6	
1983:	打成一片	6	
1984:	金蝉脱壳	6	
1985:	金碧辉煌	6	
1986:	分门别类	6	
1987:	分进合击	6	
1988:	今不如昔	6	
1989:	打退堂鼓	6	
1990:	前呼后拥	6	
1991:	前无古人	6	
1992:	肺腑之言	6	
1993:	戒骄戒躁	6	
1994:	答非所问	6	
1995:	同出一辙	6	
1996:	亲痛仇快	6	
1997:	见猎心喜	6	
1998:	青梅竹马	6	
1999:	书香门第	6	
2000:	义正词严	6	
2001:	解甲归田	6	
2002:	达官贵人	6	
2003:	粉饰太平	6	
2004:	心腹之患	6	
2005:	盖棺论定	6	
2006:	汹涌澎湃	6	
2007:	各有所长	6	
2008:	人人自危	6	
2009:	人微言轻	6	
2010:	趾高气扬	6	
2011:	中流砥柱	6	
2012:	人人皆知	6	
2013:	各为其主	6	
2014:	隔岸观火	6	
2015:	惴惴不安	6	
2016:	指挥若定	6	
2017:	望其项背	6	
2018:	人心向背	6	
2019:	人仰马翻	6	
2020:	姑妄听之	6	
2021:	日积月累	6	
2022:	日理万机	6	
2023:	爱不释手	6	
2024:	言之成理	6	
2025:	股掌之上	6	
2026:	不惜工本	6	
2027:	言简意赅	6	
2028:	天马行空	6	
2029:	顾虑重重	6	
2030:	豪言壮语	6	
2031:	格杀勿论	6	
2032:	吹毛求疵	6	
2033:	重操旧业	6	
2034:	整军经武	6	
2035:	胡言乱语	6	
2036:	高不可攀	6	
2037:	垂死挣扎	6	
2038:	花天酒地	6	
2039:	休戚相关	6	
2040:	欢声雷动	6	
2041:	养虎遗患	6	
2042:	群策群力	6	
2043:	嘘寒问暖	6	
2044:	高风亮节	6	
2045:	人多势众	6	
2046:	损人利己	6	4
2047:	血肉相连	6	
2048:	血雨腥风	6	
2049:	高抬贵手	6	
2050:	高人一筹	6	
2051:	翩翩起舞	6	
2052:	喧宾夺主	6	
2053:	高歌猛进	6	
2054:	人才辈出	6	
2055:	助纣为虐	6	
2056:	绘声绘色	6	
2057:	远走高飞	6	
2058:	惊惶失措	6	
2059:	井然有序	6	
2060:	精诚团结	6	
2061:	转危为安	6	
2062:	晕头转向	6	
2063:	不惑之年	6	
2064:	就地取材	6	
2065:	大处着眼	6	
2066:	千锤百炼	6	
2067:	千头万绪	6	
2068:	井底之蛙	6	
2069:	一言九鼎	6	
2070:	不慌不忙	6	
2071:	谦谦君子	6	
2072:	空空如也	6	
2073:	牵强附会	6	
2074:	经久不息	6	
2075:	久负盛名	6	
2076:	装模作样	6	
2077:	尔虞我诈	6	
2078:	未定之天	6	
2079:	世态炎凉	6	
2080:	走马观花	6	
2081:	怨天尤人	6	
2082:	初露锋芒	6	
2083:	千辛万苦	6	
2084:	鹤立鸡群	5	
2085:	暗度陈仓	5	
2086:	民怨沸腾	5	
2087:	天摇地动	5	
2088:	食不果腹	5	
2089:	灭绝人性	5	
2090:	民不聊生	5	
2091:	作壁上观	5	
2092:	洋洋自得	5	
2093:	学以致用	5	
2094:	披头散发	5	
2095:	知彼知己	5	
2096:	开源节流	5	
2097:	支支吾吾	5	
2098:	血肉横飞	5	
2099:	名不虚传	5	
2100:	深仇大恨	5	
2101:	缘木求鱼	5	
2102:	开宗明义	5	
2103:	名垂青史	5	
2104:	忠言逆耳	5	
2105:	望洋兴叹	5	
2106:	如胶似漆	5	
2107:	天涯海角	5	
2108:	洋洋得意	5	
2109:	血海深仇	5	
2110:	作茧自缚	5	
2111:	阴魂不散	5	
2112:	人浮于事	5	
2113:	明升暗降	5	
2114:	耳濡目染	5	
2115:	疲於奔命	5	
2116:	昂首阔步	5	
2117:	一语中的	5	
2118:	裙带关系	5	
2119:	无为而治	5	
2120:	有气无力	5	
2121:	大相迳庭	5	
2122:	眉清目秀	5	
2123:	郁郁葱葱	5	
2124:	阴谋诡计	5	
2125:	瓮中捉鳖	5	
2126:	没日没夜	5	
2127:	不治之症	5	
2128:	话中有话	5	
2129:	四平八稳	5	
2130:	肝肠寸断	5	
2131:	垂头丧气	5	
2132:	有色眼镜	5	
2133:	感激涕零	5	
2134:	尽力而为	5	
2135:	响彻云霄	5	
2136:	美中不足	5	4
2137:	虚无缥缈	5	
2138:	发人深思	5	
2139:	知难而进	5	
2140:	正大光明	5	
2141:	勉为其难	5	
2142:	素不相识	5	
2143:	三番两次	5	
2144:	厚此薄彼	5	
2145:	发奋图强	5	4
2146:	后继无人	5	
2147:	纲举目张	5	
2148:	终身大事	5	
2149:	决一死战	5	
2150:	惹事生非	5	
2151:	如临深渊	5	
2152:	桀骜不驯	5	
2153:	狐狸尾巴	5	
2154:	热气腾腾	5	
2155:	弥留之际	5	
2156:	赤子之心	5	
2157:	哄堂大笑	5	
2158:	无情无义	5	4
2159:	追根究底	5	
2160:	阿谀奉承	5	
2161:	无坚不摧	5	
2162:	不痛不痒	5	
2163:	如此而已	5	
2164:	唾手可得	5	
2165:	能说会道	5	
2166:	出水芙蓉	5	
2167:	能工巧匠	5	
2168:	志得意满	5	
2169:	人云亦云	5	
2170:	丑态百出	5	
2171:	舍我其谁	5	
2172:	忧国忧民	5	
2173:	光辉灿烂	5	
2174:	光怪陆离	5	
2175:	难解难分	5	
2176:	口若悬河	5	
2177:	光彩夺目	5	
2178:	优柔寡断	5	
2179:	能言善辩	5	
2180:	谆谆告诫	5	
2181:	上下一心	5	
2182:	上行下效	5	
2183:	壁垒森严	5	
2184:	孤军作战	5	
2185:	眼高手低	5	
2186:	荣华富贵	5	
2187:	天高地厚	5	
2188:	念兹在兹	5	
2189:	单刀直入	5	
2190:	搬弄是非	5	
2191:	刻苦耐劳	5	
2192:	追根溯源	5	
2193:	任人唯亲	5	
2194:	稍逊一筹	5	
2195:	认贼作父	5	
2196:	拍案叫绝	5	
2197:	亡命之徒	5	
2198:	一笔勾销	5	
2199:	克己奉公	5	
2200:	泰然处之	5	
2201:	有案可查	5	
2202:	串通一气	5	
2203:	善始善终	5	
2204:	一本正经	5	
2205:	无病呻吟	5	
2206:	过河拆桥	5	
2207:	慷慨激昂	5	
2208:	寻欢作乐	5	
2209:	他山之石	5	
2210:	乌烟瘴气	5	
2211:	事倍功半	5	
2212:	左顾右盼	5	
2213:	名目繁多	5	
2214:	天下为公	5	
2215:	夺眶而出	5	
2216:	忙忙碌碌	5	
2217:	不遗馀力	5	
2218:	安身立命	5	
2219:	无米之炊	5	
2220:	道貌岸然	5	
2221:	一乾二净	5	
2222:	身败名裂	5	
2223:	人声鼎沸	5	
2224:	一钱不值	5	
2225:	兵无常势	5	
2226:	大海捞针	5	
2227:	由浅入深	5	
2228:	一日千里	5	
2229:	大公无私	5	4
2230:	鸦雀无声	5	
2231:	倒果为因	5	
2232:	旁若无人	5	
2233:	锱铢必较	5	
2234:	国泰民安	5	
2235:	半生不熟	5	
2236:	耳闻目睹	5	
2237:	目不暇接	5	
2238:	旁敲侧击	5	
2239:	人间地狱	5	
2240:	虚晃一枪	5	
2241:	风言风语	5	
2242:	自告奋勇	5	
2243:	瞻前顾后	5	
2244:	坚壁清野	5	
2245:	风雨交加	5	
2246:	一文不值	5	
2247:	鳞次栉比	5	
2248:	防患未然	5	
2249:	风靡一时	5	
2250:	树大招风	5	
2251:	两袖清风	5	
2252:	精疲力竭	5	
2253:	博采众长	5	
2254:	闻风丧胆	5	
2255:	了然于胸	5	
2256:	怒火中烧	5	
2257:	长袖善舞	5	
2258:	驾轻就熟	5	
2259:	鸡毛蒜皮	5	
2260:	五体投地	5	
2261:	唱对台戏	5	
2262:	不得要领	5	
2263:	生不逢时	5	
2264:	东郭先生	5	
2265:	白雪皑皑	5	
2266:	不见天日	5	
2267:	意气用事	5	
2268:	风雨无阻	5	
2269:	入木三分	5	
2270:	东张西望	5	
2271:	家破人亡	5	
2272:	如鲠在喉	5	
2273:	小题大做	5	
2274:	举手之劳	5	
2275:	风调雨顺	5	
2276:	一见倾心	5	
2277:	一见如故	5	
2278:	独具匠心	5	
2279:	独来独往	5	
2280:	不拘一格	5	
2281:	喜怒哀乐	5	
2282:	惊魂未定	5	
2283:	千姿百态	5	
2284:	新陈代谢	5	4
2285:	前仰后合	5	
2286:	失魂落魄	5	
2287:	成竹在胸	5	
2288:	进退有度	5	
2289:	弱不禁风	5	
2290:	黔驴技穷	5	
2291:	竹篮打水	5	
2292:	失道寡助	5	
2293:	千真万确	5	
2294:	鹬蚌相争	5	
2295:	包藏祸心	5	
2296:	若隐若现	5	
2297:	蜂拥而来	5	
2298:	蜻蜓点水	5	
2299:	良师益友	5	
2300:	骄傲自满	5	
2301:	心花怒放	5	
2302:	奋发有为	5	
2303:	遍体鳞伤	5	
2304:	精兵简政	5	
2305:	铩羽而归	5	
2306:	分秒必争	5	
2307:	头昏脑胀	5	
2308:	独步天下	5	
2309:	节衣缩食	5	
2310:	洁身自爱	5	
2311:	涂脂抹粉	5	
2312:	令行禁止	5	
2313:	顶天立地	5	
2314:	回心转意	5	
2315:	气喘吁吁	5	
2316:	出奇制胜	5	
2317:	文质彬彬	5	
2318:	穷途末路	5	
2319:	装聋作哑	5	
2320:	婆婆妈妈	5	
2321:	电闪雷鸣	5	
2322:	赴汤蹈火	5	
2323:	一面之交	5	
2324:	文过饰非	5	
2325:	真凭实据	5	
2326:	英姿飒爽	5	
2327:	坐卧不安	5	
2328:	曲高和寡	5	
2329:	兵不血刃	5	
2330:	凶多吉少	5	
2331:	枕戈待旦	5	
2332:	凶神恶煞	5	
2333:	如数家珍	5	
2334:	蛮横无理	5	
2335:	昏昏欲睡	5	
2336:	毁誉参半	5	
2337:	荒谬绝伦	5	
2338:	泼妇骂街	5	
2339:	不足挂齿	5	
2340:	腥风血雨	5	
2341:	五光十色	5	
2342:	千秋万世	5	
2343:	变化莫测	5	
2344:	挥洒自如	5	
2345:	时不我与	5	
2346:	神魂颠倒	5	
2347:	颠倒是非	5	
2348:	小本经营	5	
2349:	白山黑水	5	
2350:	唯唯诺诺	5	
2351:	四面出击	5	
2352:	星星点点	5	
2353:	兹事体大	5	
2354:	朝三暮四	5	4
2355:	兵贵神速	5	
2356:	变化多端	5	
2357:	满盘皆输	5	
2358:	声色俱厉	5	
2359:	罄竹难书	5	
2360:	春风得意	5	
2361:	先礼后兵	5	
2362:	患难与共	5	
2363:	听而不闻	5	
2364:	因人而异	4	
2365:	伤天害理	4	
2366:	单刀赴会	4	
2367:	春华秋实	4	
2368:	杀人灭口	4	
2369:	兵荒马乱	4	
2370:	处之泰然	4	
2371:	日薄西山	4	
2372:	认祖归宗	4	
2373:	若有所思	4	
2374:	打情骂俏	4	
2375:	嬉皮笑脸	4	
2376:	拨云见日	4	
2377:	三更半夜	4	
2378:	气势磅礴	4	
2379:	奇谈怪论	4	
2380:	如痴如醉	4	
2381:	杳无音讯	4	
2382:	三心二意	4	
2383:	惹是生非	4	
2384:	如芒在背	4	
2385:	排除万难	4	
2386:	璀璨夺目	4	
2387:	散兵游勇	4	
2388:	万事大吉	4	
2389:	旗开得胜	4	
2390:	琴棋书画	4	
2391:	善男信女	4	
2392:	别具一格	4	
2393:	如饥似渴	4	
2394:	倾盆大雨	4	
2395:	吟风弄月	4	
2396:	文房四宝	4	
2397:	大难临头	4	
2398:	望眼欲穿	4	
2399:	为虎作伥	4	
2400:	轻装上阵	4	
2401:	大动肝火	4	
2402:	大逆不道	4	
2403:	迎来送往	4	
2404:	披坚执锐	4	
2405:	惟妙惟肖	4	
2406:	如箭在弦	4	
2407:	欺人太甚	4	
2408:	一马平川	4	
2409:	蓬头垢面	4	
2410:	为非作歹	4	
2411:	以此类推	4	
2412:	惟我独尊	4	
2413:	伯仲之间	4	
2414:	疑难杂症	4	
2415:	伤筋动骨	4	
2416:	七手八脚	4	
2417:	卧榻之侧	4	
2418:	字斟句酌	4	
2419:	义正辞严	4	
2420:	冰清玉洁	4	
2421:	穿凿附会	4	
2422:	窃窃私语	4	
2423:	亲仁善邻	4	
2424:	自由放任	4	
2425:	催人泪下	4	
2426:	大风大浪	4	
2427:	大千世界	4	
2428:	唯命是从	4	
2429:	人命关天	4	
2430:	色厉内荏	4	
2431:	伤风败俗	4	
2432:	大权独揽	4	
2433:	彪形大汉	4	
2434:	摧枯拉朽	4	
2435:	出人头地	4	
2436:	传宗接代	4	
2437:	罪有应得	4	
2438:	下不为例	4	
2439:	增收节支	4	
2440:	见风使舵	4	
2441:	见风转舵	4	
2442:	风流韵事	4	
2443:	乍暖还寒	4	
2444:	珠光宝气	4	
2445:	坚如磐石	4	
2446:	不可偏废	4	
2447:	见惯不惊	4	
2448:	通情达理	4	
2449:	不可救药	4	
2450:	早出晚归	4	
2451:	殊途同归	4	
2452:	风花雪月	4	
2453:	百里挑一	4	
2454:	同病相怜	4	
2455:	风急浪高	4	
2456:	风华绝代	4	
2457:	心领神会	4	
2458:	风雨同舟	4	
2459:	招摇撞骗	4	
2460:	顺水人情	4	
2461:	饥寒交迫	4	
2462:	火眼金睛	4	
2463:	火冒三丈	4	
2464:	残兵败将	4	
2465:	众口一辞	4	
2466:	说一不二	4	
2467:	顺手牵羊	4	
2468:	仗义执言	4	
2469:	摇头晃脑	4	
2470:	心神不定	4	
2471:	斩尽杀绝	4	
2472:	嫉恶如仇	4	
2473:	水木清华	4	
2474:	急不及待	4	
2475:	急不可待	4	
2476:	奉为圭臬	4	
2477:	风驰电掣	4	
2478:	风餐露宿	4	
2479:	精明强干	4	
2480:	防微杜渐	4	
2481:	百无禁忌	4	
2482:	非分之想	4	
2483:	痛不欲生	4	
2484:	近亲繁殖	4	
2485:	铸剑为犁	4	
2486:	不进则退	4	
2487:	夜郎自大	4	
2488:	九牛一毛	4	
2489:	居功自傲	4	
2490:	事在人为	4	
2491:	举重若轻	4	
2492:	鞠躬尽瘁	4	
2493:	誓不两立	4	
2494:	夜深人静	4	
2495:	鹦鹉学舌	4	
2496:	痛快淋漓	4	
2497:	飞黄腾达	4	
2498:	进退失据	4	
2499:	心服口服	4	
2500:	解囊相助	4	
2501:	解疑释惑	4	
2502:	洁身自好	4	
2503:	纷纷扬扬	4	
2504:	叫苦连天	4	
2505:	劫后余生	4	
2506:	百年树人	4	
2507:	守望相助	4	
2508:	借尸还魂	4	
2509:	怒发冲冠	4	
2510:	谨小慎微	4	
2511:	飞来横祸	4	
2512:	著书立说	4	
2513:	废寝忘食	4	
2514:	常胜将军	4	
2515:	心不在焉	4	
2516:	蚕食鲸吞	4	
2517:	兴趣盎然	4	
2518:	贪赃枉法	4	
2519:	诡谲多变	4	
2520:	滚瓜烂熟	4	
2521:	严惩不贷	4	
2522:	归根究柢	4	
2523:	安家落户	4	
2524:	根深柢固	4	
2525:	言传身教	4	
2526:	贪生怕死	4	
2527:	国破家亡	4	
2528:	含沙射影	4	
2529:	不以为耻	4	
2530:	豪情壮志	4	
2531:	个中滋味	4	
2532:	一扫而空	4	
2533:	天网恢恢	4	
2534:	安然无事	4	
2535:	过江之鲫	4	
2536:	只争朝夕	4	
2537:	不祥之兆	4	
2538:	孤陋寡闻	4	
2539:	言之有理	4	
2540:	天不作美	4	
2541:	天翻地覆	4	
2542:	不胜其烦	4	
2543:	狗尾续貂	4	
2544:	唉声叹气	4	
2545:	孤臣孽子	4	
2546:	治病救人	4	
2547:	古色古香	4	
2548:	挂冠求去	4	
2549:	言谈举止	4	
2550:	关门大吉	4	
2551:	瓜熟蒂落	4	
2552:	固步自封	4	
2553:	至理名言	4	
2554:	爱莫能助	4	
2555:	爱惜羽毛	4	
2556:	羊肠小道	4	
2557:	好高骛远	4	
2558:	荒诞不经	4	
2559:	荒无人烟	4	
2560:	兄弟阋墙	4	
2561:	四面受敌	4	
2562:	肝胆相照	4	
2563:	花枝招展	4	
2564:	画蛇添足	4	3
2565:	四书五经	4	
2566:	震天动地	4	
2567:	改邪归正	4	4
2568:	妇孺皆知	4	
2569:	一片汪洋	4	
2570:	一片焦土	4	
2571:	拔苗助长	4	
2572:	行将就木	4	
2573:	行尸走肉	4	
2574:	挥霍无度	4	
2575:	回天之力	4	
2576:	感人肺腑	4	
2577:	昂首挺胸	4	
2578:	天真烂漫	4	
2579:	泾渭分明	4	
2580:	正本清源	4	
2581:	高耸入云	4	
2582:	何患无辞	4	
2583:	郑重其事	4	
2584:	血气方刚	4	
2585:	不远万里	4	
2586:	虚与委蛇	4	
2587:	狐假虎威	4	
2588:	互相推诿	4	
2589:	花好月圆	4	
2590:	虚位以待	4	
2591:	互为因果	4	
2592:	互为表里	4	
2593:	虚有其表	4	
2594:	添砖加瓦	4	
2595:	一本万利	4	
2596:	新婚燕尔	4	
2597:	自讨苦吃	4	
2598:	流年不利	4	
2599:	生财之道	4	
2600:	本性难移	4	
2601:	得过且过	4	
2602:	流连忘返	4	
2603:	莫此为甚	4	
2604:	碌碌无为	4	
2605:	承上启下	4	
2606:	乱作一团	4	
2607:	不打自招	4	
2608:	得意之作	4	
2609:	贻笑大方	4	
2610:	丢盔卸甲	4	
2611:	命中注定	4	
2612:	得而复失	4	
2613:	身强力壮	4	
2614:	动人心魄	4	
2615:	零敲碎打	4	
2616:	临别赠言	4	
2617:	动辄得咎	4	
2618:	稀奇古怪	4	
2619:	生死关头	4	
2620:	令人齿冷	4	
2621:	自掘坟墓	4	
2622:	生龙活虎	4	
2623:	逼不得已	4	
2624:	姹紫嫣红	4	
2625:	令人神往	4	
2626:	刀光剑影	4	
2627:	作恶多端	4	
2628:	事过境迁	4	
2629:	论功行赏	4	
2630:	忙里偷闲	4	
2631:	有伤风化	4	
2632:	毛手毛脚	4	
2633:	有生以来	4	
2634:	面目一新	4	
2635:	妙想天开	4	
2636:	点头哈腰	4	
2637:	地主之谊	4	
2638:	有钱有势	4	
2639:	坐吃山空	4	
2640:	神采奕奕	4	
2641:	自食其力	4	
2642:	美轮美奂	4	
2643:	地广人稀	4	
2644:	地动山摇	4	
2645:	满面春风	4	
2646:	明查暗访	4	
2647:	有血有肉	4	
2648:	鼎鼎大名	4	
2649:	名不符实	4	
2650:	自命不凡	4	
2651:	落荒而逃	4	
2652:	洛阳纸贵	4	
2653:	鸣冤叫屈	4	
2654:	马到成功	4	
2655:	无忧无虑	4	
2656:	明察暗访	4	
2657:	痴心妄想	4	
2658:	有闻必录	4	
2659:	迟疑不决	4	
2660:	深更半夜	4	
2661:	良辰吉日	4	
2662:	物归原主	4	
2663:	口是心非	4	
2664:	苦难深重	4	
2665:	多灾多难	4	
2666:	偷天换日	4	
2667:	年轻力壮	4	
2668:	矢志不移	4	
2669:	趁虚而入	4	
2670:	自行其是	4	
2671:	先知先觉	4	
2672:	来者不善	4	
2673:	无价之宝	4	
2674:	先睹为快	4	
2675:	遗臭万年	4	
2676:	头重脚轻	4	
2677:	多多益善	4	
2678:	毕恭毕敬	4	
2679:	矢志不渝	4	
2680:	念念有词	4	
2681:	开山鼻祖	4	
2682:	弄假成真	4	
2683:	慷慨悲歌	4	
2684:	开路先锋	4	
2685:	弄巧反拙	4	
2686:	相濡以沫	4	
2687:	坐卧不宁	4	
2688:	慷慨陈词	4	
2689:	相见恨晚	4	
2690:	歪打正着	4	
2691:	无关大局	4	
2692:	空前绝后	4	
2693:	原原本本	4	
2694:	壮志未酬	4	
2695:	陈词滥调	4	
2696:	当耳边风	4	
2697:	困兽犹斗	4	
2698:	乐善好施	4	
2699:	舍生忘死	4	
2700:	无拘无束	4	
2701:	一尘不染	4	
2702:	厉行节约	4	
2703:	尸山血海	4	
2704:	与世长辞	4	
2705:	与民同乐	4	
2706:	一知半解	4	
2707:	十拿九稳	4	
2708:	乐不可支	4	
2709:	独辟蹊径	4	
2710:	独霸一方	4	
2711:	劳师袭远	4	
2712:	头头是道	4	
2713:	独出心裁	4	
2714:	难兄难弟	4	
2715:	立锥之地	4	
2716:	深入浅出	3	
2717:	万寿无疆	3	
2718:	随声附和	3	
2719:	持之以恒	3	
2720:	山珍海味	3	
2721:	身怀六甲	3	
2722:	後来居上	3	
2723:	天各一方	3	
2724:	赤胆忠心	3	
2725:	社会贤达	3	
2726:	糖衣炮弹	3	
2727:	不远千里	3	
2728:	一窍不通	3	
2729:	婀娜多姿	3	
2730:	身首异处	3	
2731:	不识时务	3	
2732:	肉食者鄙	3	
2733:	贪得无厌	3	
2734:	出师不利	3	
2735:	一路顺风	3	3
2736:	怦然心动	3	
2737:	不修边幅	3	
2738:	衣冠楚楚	3	
2739:	随行就市	3	
2740:	天长地久	3	4
2741:	融会贯通	3	
2742:	闪烁其词	3	
2743:	身临其境	3	
2744:	出师无名	3	
2745:	深居简出	3	
2746:	赤身露体	3	
2747:	铁面无私	3	
2748:	若即若离	3	
2749:	阮囊羞涩	3	
2750:	盛极一时	3	
2751:	十里洋场	3	
2752:	若有若无	3	
2753:	不敢问津	3	
2754:	十之八九	3	
2755:	芸芸众生	3	
2756:	不可限量	3	
2757:	一颦一笑	3	
2758:	抽刀断水	3	
2759:	亭亭玉立	3	
2760:	挺而走险	3	
2761:	耍嘴皮子	3	
2762:	双喜临门	3	
2763:	以礼相待	3	
2764:	愁眉苦脸	3	
2765:	一言难尽	3	
2766:	长篇累牍	3	
2767:	长篇大论	3	
2768:	不骄不躁	3	
2769:	偷鸡摸狗	3	
2770:	事不宜迟	3	
2771:	势不可当	3	
2772:	以德报德	3	
2773:	手到擒来	3	
2774:	时不再来	3	
2775:	同声同气	3	
2776:	称心如意	3	
2777:	手足之情	3	
2778:	三三两两	3	
2779:	手下留情	3	
2780:	藏污纳垢	3	
2781:	不可捉摸	3	
2782:	吐故纳新	3	
2783:	死於非命	3	
2784:	嗟来之食	3	
2785:	慎终追远	3	
2786:	慎重其事	3	
2787:	死气沉沉	3	
2788:	挑肥拣瘦	3	
2789:	不辞劳苦	3	
2790:	如梦初醒	3	
2791:	衣不蔽体	3	
2792:	玩物丧志	3	
2793:	神经错乱	3	
2794:	杀人如麻	3	
2795:	噤若寒蝉	3	
2796:	不足为据	3	
2797:	杀鸡吓猴	3	
2798:	条条框框	3	
2799:	徒劳无益	3	
2800:	听天由命	3	
2801:	睡眼惺忪	3	
2802:	沧海桑田	3	
2803:	藏龙卧虎	3	
2804:	沧海一粟	3	
2805:	如醉如痴	3	4
2806:	呱呱坠地	3	
2807:	一面之缘	3	
2808:	不劳而获	3	
2809:	一团和气	3	
2810:	咄咄怪事	3	
2811:	万念俱灰	3	
2812:	仓皇出逃	3	
2813:	如雷贯耳	3	
2814:	敌国外患	3	
2815:	惊恐万状	3	
2816:	惊慌失色	3	
2817:	非此即彼	3	
2818:	百思不解	3	
2819:	叶落归根	3	
2820:	百年之后	3	
2821:	新仇旧恨	3	
2822:	飞扬跋扈	3	
2823:	锦衣玉食	3	
2824:	飞龙在天	3	
2825:	飞蛾扑火	3	
2826:	精耕细作	3	
2827:	运用自如	3	
2828:	月黑风高	3	
2829:	酒足饭饱	3	
2830:	转弯抹角	3	
2831:	居心险恶	3	
2832:	小家子气	3	
2833:	夜长梦多	3	
2834:	夜不闭户	3	
2835:	百万雄师	3	
2836:	泛泛而谈	3	
2837:	云谲波诡	3	
2838:	杂乱无章	3	
2839:	今生今世	3	
2840:	见微知著	3	
2841:	见钱眼开	3	
2842:	健步如飞	3	
2843:	将功补过	3	
2844:	江东父老	3	
2845:	见利忘义	3	
2846:	见机行事	3	
2847:	尖酸刻薄	3	
2848:	兼收并蓄	3	
2849:	心力衰竭	3	
2850:	百孔千疮	3	
2851:	遥遥相对	3	
2852:	珠联璧合	3	
2853:	分文未取	3	
2854:	借刀杀人	3	
2855:	金科玉律	3	
2856:	金石为开	3	
2857:	竭泽而渔	3	
2858:	街谈巷议	3	
2859:	娇生惯养	3	
2860:	丰衣足食	3	
2861:	愤世嫉俗	3	
2862:	忿忿不平	3	
2863:	一板一眼	3	
2864:	举目无亲	3	
2865:	老实巴交	3	
2866:	子子孙孙	3	
2867:	老骥伏枥	3	
2868:	与世无争	3	
2869:	洗耳恭听	3	
2870:	老奸巨滑	3	
2871:	老调重谈	3	
2872:	劳燕分飞	3	
2873:	断壁残垣	3	
2874:	老成持重	3	
2875:	赌咒发誓	3	
2876:	离经叛道	3	
2877:	利害得失	3	
2878:	鱼米之乡	3	
2879:	鱼龙混杂	3	
2880:	鱼贯而入	3	
2881:	流芳百世	3	
2882:	物极必反	3	
2883:	洞若观火	3	
2884:	利害攸关	3	
2885:	喜不自胜	3	
2886:	斗转星移	3	
2887:	连绵不绝	3	
2888:	榜上无名	3	
2889:	狼心狗肺	3	
2890:	耳提面命	3	
2891:	相反相成	3	
2892:	空口无凭	3	
2893:	秣马厉兵	3	
2894:	苛捐杂税	3	
2895:	开天辟地	3	4
2896:	反戈一击	3	
2897:	装模做样	3	
2898:	决胜千里	3	
2899:	败军之将	3	
2900:	孔武有力	3	
2901:	冤冤相报	3	
2902:	苦心孤诣	3	
2903:	胯下之辱	3	
2904:	岿然不动	3	
2905:	窥见一斑	3	
2906:	额手称庆	3	
2907:	枯燥无味	3	
2908:	口服心服	3	
2909:	恩将仇报	3	
2910:	半斤八两	3	
2911:	显山露水	3	
2912:	风雪交加	3	
2913:	坚忍不拔	3	
2914:	循循善诱	3	
2915:	含辛茹苦	3	
2916:	汗牛充栋	3	
2917:	循环往复	3	
2918:	好色之徒	3	
2919:	隔靴搔痒	3	
2920:	中庸之道	3	
2921:	过河卒子	3	
2922:	过眼烟云	3	
2923:	海誓山盟	3	
2924:	酣畅淋漓	3	
2925:	好逸恶劳	3	
2926:	支吾其词	3	
2927:	学富五车	3	
2928:	高朋满座	3	
2929:	红男绿女	3	
2930:	暗送秋波	3	
2931:	学贯中西	3	
2932:	政出多门	3	
2933:	号啕大哭	3	
2934:	浩气长存	3	
2935:	浩如烟海	3	
2936:	和风细雨	3	
2937:	果然如此	3	
2938:	国色天香	3	
2939:	龇牙咧嘴	3	
2940:	姑息养奸	3	
2941:	言之不预	3	
2942:	功败垂成	3	
2943:	颜面扫地	3	
2944:	黯然神伤	3	
2945:	苟且偷安	3	
2946:	拱手让人	3	
2947:	置之度外	3	
2948:	眼花撩乱	3	
2949:	攻无不克	3	
2950:	固执己见	3	
2951:	扬汤止沸	3	
2952:	鬼鬼祟祟	3	
2953:	各行其是	3	
2954:	国将不国	3	
2955:	攻城略地	3	
2956:	志大才疏	3	
2957:	爱憎分明	3	
2958:	鞍前马后	3	
2959:	安分守己	3	
2960:	官官相护	3	
2961:	旭日东升	3	
2962:	呼朋唤友	3	
2963:	遮人耳目	3	
2964:	俯拾即是	3	
2965:	积少成多	3	
2966:	饥肠辘辘	3	
2967:	信手拈来	3	
2968:	俯首帖耳	3	
2969:	火树银花	3	
2970:	众口难调	3	
2971:	真才实学	3	
2972:	折戟沉沙	3	
2973:	遮天蔽日	3	
2974:	螳臂挡车	3	
2975:	张口结舌	3	
2976:	百家争鸣	3	4
2977:	加油添醋	3	
2978:	风雨不透	3	
2979:	沾亲带故	3	
2980:	既往不咎	3	
2981:	众星捧月	3	
2982:	敷衍塞责	3	
2983:	百步穿杨	3	
2984:	百发百中	3	
2985:	否极泰来	3	
2986:	浑然一体	3	
2987:	真命天子	3	
2988:	感恩戴德	3	
2989:	怀才不遇	3	
2990:	养精蓄锐	3	
2991:	雄才大略	3	
2992:	花样翻新	3	
2993:	争风吃醋	3	
2994:	胡服骑射	3	
2995:	虎头蛇尾	3	
2996:	争强好胜	3	
2997:	花前月下	3	
2998:	慌不择路	3	
2999:	振聋发聩	3	
3000:	形势逼人	3	
3001:	形单影只	3	
3002:	跋山涉水	3	
3003:	魂飞魄散	3	
3004:	改天换地	3	
3005:	回天乏术	3	
3006:	凶相毕露	3	
3007:	八仙过海	3	
3008:	重于泰山	3	
3009:	挥汗如雨	3	
3010:	自觉自愿	3	
3011:	拉帮结派	3	
3012:	应付自如	3	
3013:	破镜重圆	3	
3014:	破绽百出	3	
3015:	大权旁落	3	
3016:	瓮中之鳖	3	
3017:	自作主张	3	
3018:	匹夫之勇	3	
3019:	片纸只字	3	
3020:	大喜过望	3	
3021:	大庭广众	3	
3022:	铺张浪费	3	
3023:	朴实无华	3	
3024:	大浪淘沙	3	
3025:	饮鸩止渴	3	
3026:	饮食男女	3	
3027:	文韬武略	3	
3028:	大谬不然	3	
3029:	大模大样	3	
3030:	妻儿老小	3	
3031:	七嘴八舌	3	4
3032:	凄风苦雨	3	
3033:	自作聪明	3	
3034:	劈头盖脸	3	
3035:	男女有别	3	
3036:	悠然自得	3	
3037:	无精打采	3	
3038:	优哉游哉	3	
3039:	男女老幼	3	
3040:	无可讳言	3	
3041:	逼人太甚	3	
3042:	目空一切	3	
3043:	目无法纪	3	
3044:	刀枪剑戟	3	
3045:	当断不断	3	
3046:	弹尽粮绝	3	
3047:	拥政爱民	3	
3048:	旁征博引	3	
3049:	刨根问底	3	
3050:	大展宏图	3	
3051:	雍容华贵	3	
3052:	浓妆艳抹	3	
3053:	逆取顺守	3	
3054:	无机可乘	3	
3055:	胆小怕事	3	
3056:	大家风范	3	
3057:	寅吃卯粮	3	
3058:	垂帘听政	3	
3059:	捶胸顿足	3	
3060:	人财两空	3	
3061:	以守为攻	3	
3062:	雀屏中选	3	
3063:	春风满面	3	
3064:	聪明伶俐	3	
3065:	别无二致	3	
3066:	趋炎附势	3	
3067:	全军覆灭	3	
3068:	人杰地灵	3	
3069:	望文生义	3	
3070:	一来二去	3	
3071:	以貌取人	3	
3072:	任人唯贤	3	
3073:	日甚一日	3	
3074:	忍俊不住	3	
3075:	忍俊不禁	3	
3076:	人去楼空	3	
3077:	人心不古	3	
3078:	望穿秋水	3	
3079:	穷山恶水	3	
3080:	唯我独尊	3	
3081:	因循守旧	3	
3082:	大腹便便	3	
3083:	文人墨客	3	
3084:	千言万语	3	
3085:	大红大紫	3	
3086:	弃之可惜	3	
3087:	气宇轩昂	3	
3088:	音容笑貌	3	
3089:	文山会海	3	
3090:	走南闯北	3	
3091:	错落有致	3	
3092:	寸步不离	3	
3093:	促膝谈心	3	
3094:	粗枝大叶	3	
3095:	亦复如是	3	
3096:	勤学苦练	3	
3097:	巧言令色	3	
3098:	杳无音信	3	
3099:	乔装打扮	3	
3100:	巧夺天工	3	
3101:	贻害无穷	3	
3102:	迎风招展	3	
3103:	登高望远	3	
3104:	盲人摸象	3	
3105:	门户之见	3	
3106:	自鸣得意	3	
3107:	路不拾遗	3	
3108:	悲从中来	3	
3109:	略逊一筹	3	
3110:	暴风骤雨	3	4
3111:	叠床架屋	3	
3112:	有口难言	3	
3113:	有头有脸	3	
3114:	路见不平	3	
3115:	无妄之灾	3	
3116:	天昏地黑	3	
3117:	面目可憎	3	
3118:	悲欢离合	3	
3119:	略知一二	3	
3120:	等量齐观	3	
3121:	有棱有角	3	
3122:	明火执仗	3	
3123:	有勇无谋	3	
3124:	歃血为盟	3	
3125:	面授机宜	3	
3126:	目不识丁	3	
3127:	颠扑不破	3	
3128:	莫可奈何	3	
3129:	游手好闲	3	
3130:	雕梁画栋	3	
3131:	有板有眼	3	
3132:	无远弗届	3	
3133:	摩肩接踵	3	
3134:	名噪一时	3	
3135:	龙腾虎跃	3	
3136:	愚不可及	3	
3137:	自求多福	3	
3138:	游山玩水	3	
3139:	抱残守缺	3	
3140:	鸣锣开道	3	
3141:	名垂千古	3	
3142:	谋财害命	3	
3143:	一贫如洗	2	
3144:	休戚与共	2	
3145:	喜新厌旧	2	
3146:	为民除害	2	
3147:	包办代替	2	
3148:	八面威风	2	
3149:	为富不仁	2	
3150:	惟命是从	2	
3151:	喜形于色	2	
3152:	温情脉脉	2	
3153:	不甘后人	2	
3154:	万家灯火	2	
3155:	细水长流	2	
3156:	万里迢迢	2	
3157:	变幻无常	2	
3158:	辩才无碍	2	
3159:	报仇雪恨	2	
3160:	洗心革面	2	
3161:	癣疥之疾	2	
3162:	筚路蓝缕	2	
3163:	为民请命	2	
3164:	恬不知耻	2	
3165:	按图索骥	2	
3166:	万马齐喑	2	
3167:	一定之规	2	
3168:	天渊之别	2	
3169:	喜形於色	2	
3170:	万人空巷	2	
3171:	一命呜呼	2	
3172:	物竞天择	2	
3173:	万水千山	2	4
3174:	觥筹交错	2	
3175:	睚眦必报	2	
3176:	误打误撞	2	
3177:	饱经忧患	2	
3178:	嘻皮笑脸	2	
3179:	抱头鼠窜	2	
3180:	安安稳稳	2	
3181:	五花大绑	2	
3182:	物换星移	2	
3183:	不声不响	2	
3184:	哀兵必胜	2	
3185:	眼急手快	2	
3186:	病魔缠身	2	
3187:	瑕不掩瑜	2	
3188:	万头攒动	2	
3189:	殃及池鱼	2	
3190:	言之有物	2	
3191:	一刀两段	2	
3192:	言归于好	2	
3193:	踽踽独行	2	
3194:	兵多将广	2	
3195:	不求甚解	2	
3196:	威信扫地	2	
3197:	席地而坐	2	
3198:	不废江河	2	
3199:	寻花问柳	2	
3200:	寻根究底	2	
3201:	别有洞天	2	
3202:	宾至如归	2	
3203:	威迫利诱	2	
3204:	雅俗共赏	2	
3205:	天南海北	2	
3206:	天南地北	2	
3207:	饱经沧桑	2	
3208:	妄自尊大	2	
3209:	威风八面	2	
3210:	天怒人怨	2	
3211:	酩酊大醉	2	
3212:	哑然失笑	2	
3213:	安内攘外	2	
3214:	五大三粗	2	
3215:	一草一木	2	
3216:	无动於衷	2	
3217:	同床共枕	2	
3218:	屯积居奇	2	
3219:	百密一疏	2	
3220:	同甘共苦	2	
3221:	相形失色	2	
3222:	相映成趣	2	
3223:	避难就易	2	
3224:	心高气傲	2	
3225:	无从置喙	2	
3226:	避实击虚	2	
3227:	沃野千里	2	
3228:	相机而动	2	
3229:	无所不有	2	
3230:	舞文弄墨	2	
3231:	呜呼哀哉	2	
3232:	无所不为	2	
3233:	心惊胆颤	2	
3234:	一年半载	2	
3235:	相形见拙	2	
3236:	瓦釜雷鸣	2	
3237:	同归於尽	2	
3238:	逍遥自在	2	
3239:	百依百顺	2	
3240:	脱缰之马	2	
3241:	新来乍到	2	
3242:	比翼齐飞	2	
3243:	小脚女人	2	
3244:	笑逐颜开	2	
3245:	逼上梁山	2	
3246:	谢天谢地	2	
3247:	无伤大雅	2	
3248:	不近人情	2	
3249:	不绝如缕	2	
3250:	闭目塞听	2	
3251:	无关宏旨	2	
3252:	百年大计	2	
3253:	挖肉补疮	2	
3254:	无师自通	2	
3255:	笔墨官司	2	
3256:	心潮澎湃	2	
3257:	心驰神往	2	
3258:	搬石砸脚	2	
3259:	一官半职	2	
3260:	悲不自胜	2	
3261:	铁板钉钉	2	
3262:	一路平安	2	3
3263:	跳梁小丑	2	
3264:	兴利除弊	2	
3265:	投机倒把	2	4
3266:	白日做梦	2	
3267:	兴高彩烈	2	
3268:	一片冰心	2	
3269:	兴师问罪	2	
3270:	妖魔鬼怪	2	
3271:	下里巴人	2	
3272:	杯弓蛇影	2	
3273:	驷马难追	2	
3274:	无庸讳言	2	
3275:	晚节不保	2	
3276:	完璧归赵	2	
3277:	先来后到	2	
3278:	文武双全	2	
3279:	形影相吊	2	
3280:	不露锋芒	2	
3281:	投笔从戎	2	
3282:	百废待举	2	
3283:	心有馀悸	2	
3284:	问长问短	2	
3285:	心悦诚服	2	
3286:	摇尾乞怜	2	
3287:	问寒问暖	2	
3288:	心灵手巧	2	
3289:	推心置腹	2	
3290:	摇摇摆摆	2	
3291:	百尺竿头	2	
3292:	一哄而起	2	
3293:	纹丝不动	2	
3294:	闻过则喜	2	
3295:	顽固不化	2	
3296:	鲜艳夺目	2	
3297:	星火燎原	2	
3298:	半身不遂	2	
3299:	百般刁难	2	
3300:	无往不利	2	
3301:	螳臂当车	2	
3302:	鲍鱼之肆	2	
3303:	千人一面	2	
3304:	天府之国	2	
3305:	灰心丧气	2	
3306:	妙不可言	2	
3307:	妙手回春	2	
3308:	有来无回	2	
3309:	民富国强	2	
3310:	面无人色	2	
3311:	绵绵不绝	2	
3312:	挥金如土	2	
3313:	改名换姓	2	
3314:	美不胜收	2	
3315:	门可罗雀	2	
3316:	滴水成冰	2	
3317:	闷闷不乐	2	
3318:	明来暗往	2	
3319:	改弦易张	2	
3320:	得意门生	2	
3321:	重温旧梦	2	
3322:	得其所哉	2	
3323:	黄袍加身	2	
3324:	游戏人间	2	
3325:	黄梁美梦	2	
3326:	名实相符	2	
3327:	名山大川	2	
3328:	明日黄花	2	
3329:	惶惶不安	2	
3330:	皇亲国戚	2	
3331:	黄钟毁弃	2	
3332:	自视甚高	2	
3333:	慢条斯理	2	
3334:	悔恨交加	2	
3335:	迂回曲折	2	
3336:	缚鸡之力	2	
3337:	又红又专	2	
3338:	东倒西歪	2	
3339:	自立门户	2	
3340:	自愧不如	2	
3341:	愚昧无知	2	
3342:	妇人之仁	2	
3343:	鱼与熊掌	2	
3344:	真情实意	2	
3345:	另眼看待	2	
3346:	东施效颦	2	
3347:	魂不附体	2	
3348:	附庸风雅	2	
3349:	乱七八遭	2	
3350:	丢盔弃甲	2	
3351:	雕虫小技	2	
3352:	有损无益	2	
3353:	蛮不讲理	2	
3354:	满打满算	2	
3355:	悔之晚矣	2	
3356:	满腹狐疑	2	
3357:	针头线脑	2	
3358:	讳疾忌医	2	
3359:	落英缤纷	2	
3360:	略见一斑	2	
3361:	绘声绘影	2	
3362:	重振旗鼓	2	
3363:	卖官鬻爵	2	
3364:	默默无言	2	
3365:	患难之交	2	
3366:	披麻戴孝	2	
3367:	披荆斩棘	2	
3368:	片甲不留	2	
3369:	甘之如饴	2	
3370:	蝇头小利	2	
3371:	飘飘欲仙	2	
3372:	配套成龙	2	
3373:	欢天喜地	2	
3374:	旁门左道	2	
3375:	旁观者清	2	
3376:	呆头呆脑	2	
3377:	甘拜下风	2	
3378:	炮火连天	2	
3379:	呆若木鸡	2	
3380:	大义凛然	2	
3381:	大书特书	2	
3382:	花里胡哨	2	
3383:	普天同庆	2	
3384:	敢作敢为	2	
3385:	奇货可居	2	
3386:	纵横驰骋	2	
3387:	奇形怪状	2	
3388:	感天动地	2	
3389:	破竹之势	2	
3390:	话不投机	2	
3391:	应付裕如	2	
3392:	重峦叠嶂	2	
3393:	划地为牢	2	
3394:	画龙点睛	2	
3395:	判若云泥	2	
3396:	盘马弯弓	2	
3397:	荡气回肠	2	
3398:	难分难舍	2	
3399:	难舍难分	2	
3400:	党同伐异	2	
3401:	内圣外王	2	
3402:	当局者迷	2	
3403:	悠哉游哉	2	
3404:	刀耕火种	2	
3405:	目不暇给	2	
3406:	盖世英雄	2	
3407:	目不斜视	2	
3408:	倒背如流	2	
3409:	南来北往	2	
3410:	南柯一梦	2	
3411:	弹尽援绝	2	
3412:	泥牛入海	2	
3413:	胆颤心惊	2	
3414:	扭转乾坤	2	
3415:	奴颜媚骨	2	
3416:	藕断丝连	2	
3417:	拍手称快	2	
3418:	拍案惊奇	2	
3419:	环肥燕瘦	2	
3420:	鸟语花香	2	
3421:	拈花惹草	2	
3422:	用尽心机	2	
3423:	淡然处之	2	
3424:	年深日久	2	
3425:	鸟枪换炮	2	
3426:	富丽堂皇	2	
3427:	了若指掌	2	
3428:	几次三番	2	
3429:	饭来张口	2	
3430:	犯上作乱	2	
3431:	挤眉弄眼	2	
3432:	九霄云外	2	
3433:	云开见日	2	
3434:	炯炯有神	2	
3435:	济济一堂	2	
3436:	精雕细刻	2	
3437:	奉若神明	2	
3438:	精疲力尽	2	
3439:	精神恍忽	2	
3440:	寄人篱下	2	
3441:	经年累月	2	
3442:	酒酣耳热	2	
3443:	疾风暴雨	2	
3444:	夫子自道	2	
3445:	拒人千里	2	
3446:	法力无边	2	
3447:	绝顶聪明	2	
3448:	君子好逑	2	
3449:	军令如山	2	
3450:	聚沙成塔	2	
3451:	繁花似锦	2	
3452:	装聋做哑	2	
3453:	酒醉饭饱	2	
3454:	居心不良	2	
3455:	举不胜举	2	
3456:	反攻倒算	2	
3457:	专横跋扈	2	
3458:	周而复始	2	
3459:	交头接耳	2	
3460:	假途灭虢	2	
3461:	风云变色	2	
3462:	娇小玲珑	2	
3463:	狡兔三窟	2	
3464:	矫枉过正	2	
3465:	嫁狗随狗	2	
3466:	江郎才尽	2	
3467:	艰难曲折	2	
3468:	风流人物	2	
3469:	风卷残云	2	
3470:	见贤思齐	2	
3471:	嫁祸于人	2	
3472:	风流倜傥	2	
3473:	截长补短	2	
3474:	粉身碎骨	2	
3475:	锦囊妙计	2	
3476:	金瓯无缺	2	
3477:	锦绣山河	2	
3478:	荆棘丛生	2	
3479:	放浪形骸	2	
3480:	砸锅卖铁	2	
3481:	辗转反侧	2	
3482:	金玉良言	2	
3483:	结结巴巴	2	
3484:	诸子百家	2	
3485:	逐鹿中原	2	
3486:	金鸡独立	2	
3487:	斩关夺隘	2	
3488:	发愤图强	2	
3489:	急流勇退	2	
3490:	冷血动物	2	
3491:	冷若冰霜	2	
3492:	冷言冷语	2	
3493:	机不可失	2	
3494:	离乡别井	2	
3495:	离乡背井	2	
3496:	泪如雨下	2	
3497:	雷打不动	2	
3498:	劳苦功高	2	
3499:	浪子回头	2	
3500:	老当益壮	2	
3501:	老奸巨猾	2	
3502:	乐不思蜀	2	
3503:	老态龙钟	2	
3504:	李代桃僵	2	
3505:	照猫画虎	2	
3506:	自吹自擂	2	
3507:	予取予携	2	
3508:	量入为出	2	
3509:	聊备一格	2	
3510:	富可敌国	2	
3511:	聊以自慰	2	
3512:	雨过天青	2	
3513:	连中三元	2	
3514:	祸从口出	2	
3515:	厉兵秣马	2	
3516:	利欲熏心	2	
3517:	火烧火燎	2	
3518:	立地成佛	2	
3519:	积谷防饥	2	
3520:	狼吞虎咽	2	
3521:	口口相传	2	
3522:	客死他乡	2	
3523:	鸡犬不宁	2	
3524:	饿虎扑食	2	
3525:	扼腕长叹	2	
3526:	哭丧着脸	2	
3527:	仗势欺人	2	
3528:	刻骨仇恨	2	
3529:	张灯结彩	2	
3530:	急流勇进	2	
3531:	源源而来	2	
3532:	耳听八方	2	
3533:	张三李四	2	
3534:	急风骤雨	2	
3535:	招降纳叛	2	
3536:	苦思冥想	2	
3537:	多愁善感	2	
3538:	饥不择食	2	
3539:	积劳成疾	2	
3540:	来者居上	2	
3541:	对牛弹琴	2	
3542:	烂醉如泥	2	
3543:	郁郁不乐	2	
3544:	郁郁寡欢	2	
3545:	雁过拔毛	2	
3546:	苦中作乐	2	
3547:	夸父逐日	2	
3548:	浮光掠影	2	
3549:	宽宏大量	2	
3550:	胡思乱想	2	
3551:	大器晚成	2	
3552:	时移势易	2	
3553:	时移世易	2	
3554:	识途老马	2	
3555:	史不绝书	2	
3556:	陈辞滥调	2	
3557:	陈规陋习	2	
3558:	官样文章	2	
3559:	一针一线	2	
3560:	十二金钗	2	
3561:	耿耿於怀	2	
3562:	成王败寇	2	
3563:	成家立业	2	
3564:	一枕黄粱	2	
3565:	成败得失	2	
3566:	关门打狗	2	
3567:	朝令夕改	2	
3568:	手眼通天	2	
3569:	长年累月	2	
3570:	寡廉鲜耻	2	
3571:	常年累月	2	
3572:	守土有责	2	
3573:	刮目相待	2	
3574:	志士仁人	2	
3575:	收之桑榆	2	
3576:	长吁短叹	2	
3577:	朝不保夕	2	
3578:	关门闭户	2	
3579:	关怀备至	2	
3580:	收回成命	2	
3581:	乘龙快婿	2	
3582:	升官发财	2	
3583:	深情厚谊	2	
3584:	岂有此理	2	4
3585:	鬼迷心窍	2	
3586:	深山密林	2	
3587:	止戈为武	2	
3588:	衣不遮体	2	
3589:	驰名中外	2	
3590:	衣衫褴褛	2	
3591:	诡计多端	2	
3592:	遗老遗少	2	
3593:	舍本逐末	2	
3594:	颐养天年	2	
3595:	身价百倍	2	
3596:	神乎其技	2	
3597:	鬼哭狼嚎	2	
3598:	一槌定音	2	
3599:	坐冷板凳	2	
3600:	生生死死	2	
3601:	乘人之危	2	
3602:	广开言路	2	
3603:	乘其不备	2	
3604:	生拉硬扯	2	
3605:	归根结蒂	2	
3606:	一蹴可几	2	
3607:	承先启後	2	
3608:	归心似箭	2	
3609:	声誉鹊起	2	
3610:	生搬硬套	2	
3611:	猖獗一时	2	
3612:	冥思苦想	2	
3613:	不知凡几	2	
3614:	至死不变	2	
3615:	公正廉洁	2	
3616:	随人俯仰	2	
3617:	随遇而安	2	
3618:	後顾之忧	2	
3619:	孤军深入	2	
3620:	孤苦伶仃	2	
3621:	死心踏地	2	
3622:	死去活来	2	
3623:	不知深浅	2	
3624:	峥嵘岁月	2	
3625:	智勇双全	2	
3626:	送往迎来	2	
3627:	损公肥私	2	
3628:	索然无味	2	
3629:	不学无术	2	
3630:	谈情说爱	2	
3631:	袒胸露背	2	
3632:	一丘之貉	2	
3633:	天崩地裂	2	
3634:	替天行道	2	
3635:	沽名钓誉	2	
3636:	不言而谕	2	
3637:	所向无敌	2	
3638:	一生一世	2	
3639:	泰然自若	2	
3640:	泰山压顶	2	
3641:	不厌其详	2	
3642:	啧有烦言	2	
3643:	才貌双全	2	
3644:	插科打诨	2	
3645:	功德无量	2	
3646:	莺歌燕舞	2	
3647:	治丝益棼	2	
3648:	治国安邦	2	
3649:	侧目而视	2	
3650:	查无实据	2	
3651:	一无所得	2	
3652:	书生之见	2	
3653:	馋涎欲滴	2	
3654:	冥顽不灵	2	
3655:	一息尚存	2	
3656:	察言观色	2	
3657:	水火之中	2	
3658:	鼓乐喧天	2	
3659:	思前想後	2	
3660:	斯文扫地	2	
3661:	才子佳人	2	
3662:	丝丝入扣	2	
3663:	死得其所	2	
3664:	死不瞑目	2	
3665:	残渣余孽	2	
3666:	孤立无助	2	
3667:	水天一色	2	
3668:	公事公办	2	
3669:	沧海横流	2	
3670:	孤掌难鸣	2	
3671:	惨淡经营	2	
3672:	少不更事	2	
3673:	中西合璧	2	
3674:	高山仰止	2	
3675:	穷乡僻壤	2	
3676:	以直报怨	2	
3677:	合盘托出	2	
3678:	词不达意	2	
3679:	求贤若渴	2	
3680:	正人君子	2	
3681:	聪明智慧	2	
3682:	清心寡欲	2	
3683:	黑灯瞎火	2	
3684:	晴天霹雳	2	
3685:	情投意合	2	
3686:	聪明睿智	2	
3687:	曲径通幽	2	
3688:	春秋笔法	2	
3689:	闯荡江湖	2	
3690:	政通人和	2	
3691:	人地生疏	2	
3692:	高头大马	2	
3693:	好自为之	2	
3694:	群起效尤	2	
3695:	以一当十	2	
3696:	以战养战	2	
3697:	高深莫测	2	
3698:	以怨报德	2	
3699:	正心诚意	2	
3700:	垂涎欲滴	2	
3701:	清规戒律	2	
3702:	横扫千军	2	
3703:	厚积薄发	2	
3704:	因陋就简	2	
3705:	千山万水	2	
3706:	因祸得福	2	
3707:	大吹大擂	2	
3708:	大敌当前	2	
3709:	后会无期	2	
3710:	后会有期	2	
3711:	大好河山	2	
3712:	殷鉴不远	2	
3713:	后生可畏	2	
3714:	高出一筹	2	
3715:	千秋万代	2	
3716:	大彻大悟	2	
3717:	打马虎眼	2	
3718:	意在言外	2	
3719:	横征暴敛	2	
3720:	轻于鸿毛	2	
3721:	粗心大意	2	3
3722:	横行不法	2	
3723:	走为上策	2	
3724:	鸿篇巨制	2	
3725:	强干弱枝	2	
3726:	打落水狗	2	
3727:	强人所难	2	
3728:	溢於言表	2	
3729:	敲榨勒索	2	
3730:	人老珠黄	2	
3731:	何乐不为	2	
3732:	以点带面	2	
3733:	出口成章	2	
3734:	出乎意外	2	
3735:	若明若暗	2	
3736:	含情脉脉	2	
3737:	初试锋芒	2	
3738:	知法犯法	2	
3739:	以己度人	2	
3740:	容光焕发	2	
3741:	戎马生涯	2	
3742:	孺子可教	2	
3743:	如臂使指	2	
3744:	如狼似虎	2	
3745:	若有所失	2	
3746:	初生之犊	2	
3747:	仪态万方	2	
3748:	善罢干休	2	
3749:	上窜下跳	2	
3750:	各色各样	2	
3751:	上下其手	2	
3752:	上天入地	2	
3753:	山清水秀	2	
3754:	丧家之犬	2	
3755:	三教九流	2	
3756:	三从四德	2	
3757:	三妻四妾	2	
3758:	三人成虎	2	
3759:	倚老卖老	2	
3760:	日夜兼程	2	
3761:	如梦方醒	2	
3762:	以偏概全	2	
3763:	楚楚动人	2	
3764:	日久天长	2	
3765:	触景生情	2	
3766:	人亡政息	2	
3767:	人自为战	2	
3768:	人欲横流	2	
3769:	以邻为壑	2	
3770:	汗流浃背	2	
3771:	除暴安良	2	
3772:	好说歹说	2	
3773:	格物致知	2	
3774:	仰人鼻息	1	
3775:	钟灵毓秀	1	
3776:	摇唇鼓舌	1	
3777:	洋为中用	1	
3778:	指东划西	1	
3779:	周公吐哺	1	
3780:	争妍斗艳	1	
3781:	终南捷径	1	
3782:	置之不问	1	
3783:	置之不顾	1	
3784:	置诸度外	1	
3785:	曾经沧海	1	
3786:	珍禽异兽	1	
3787:	扬扬自得	1	
3788:	仗义疏财	1	
3789:	养生丧死	1	
3790:	知无不言	1	
3791:	志在千里	1	
3792:	扬幡招魂	1	
3793:	众星拱月	1	
3794:	直捣黄龙	1	
3795:	之乎者也	1	
3796:	蹑手蹑脚	1	
3797:	摇头摆脑	1	
3798:	纸上空谈	1	
3799:	忠贞不渝	1	
3800:	战天斗地	1	
3801:	蟾宫折桂	1	
3802:	赳赳武夫	1	
3803:	志在四方	1	
3804:	重起炉灶	1	
3805:	舐犊情深	1	
3806:	折冲樽俎	1	
3807:	扬扬得意	1	
3808:	醍醐灌顶	1	
3809:	知雄守雌	1	
3810:	正襟危坐	1	
3811:	遥呼相应	1	
3812:	指日可下	1	
3813:	有来有往	1	
3814:	以私害公	1	
3815:	以售其奸	1	
3816:	以身殉国	1	
3817:	以身许国	1	
3818:	以文乱法	1	
3819:	罪孽深重	1	
3820:	罪该万死	1	
3821:	罪加一等	1	
3822:	以夷制夷	1	
3823:	以人为镜	1	
3824:	以求一逞	1	
3825:	纨绔子弟	1	
3826:	孑然一身	1	
3827:	一脉相传	1	
3828:	以观后效	1	
3829:	左右两难	1	
3830:	一口一声	1	
3831:	瑕瑜互见	1	
3832:	左思右想	1	
3833:	杳无人烟	1	
3834:	醉死梦生	1	
3835:	栉风沐雨	1	
3836:	杳无踪影	1	
3837:	置之脑后	1	
3838:	一挥而就	1	
3839:	走马看花	1	
3840:	一呼百诺	1	
3841:	阴阳怪气	1	
3842:	因时制宜	1	
3843:	一家老小	1	
3844:	一箭之遥	1	
3845:	抑扬顿挫	1	
3846:	以镒称铢	1	
3847:	以儆效尤	1	
3848:	亦庄亦谐	1	
3849:	意气飞扬	1	
3850:	一介书生	1	
3851:	毅然决然	1	
3852:	杳无消息	1	
3853:	嫣然一笑	1	
3854:	遗世独立	1	
3855:	揠苗助长	1	
3856:	湮没无闻	1	
3857:	一团漆黑	1	
3858:	一文不名	1	
3859:	滂沱大雨	1	
3860:	一笑倾城	1	
3861:	一笑百媚	1	
3862:	荜路蓝缕	1	
3863:	一潭死水	1	
3864:	一事不知	1	
3865:	恻隐之心	1	
3866:	一仍旧贯	1	
3867:	怡然自得	1	
3868:	一日之长	1	
3869:	沐猴而冠	1	
3870:	一时之选	1	
3871:	一时半刻	1	
3872:	後发制人	1	
3873:	一泻千里	1	
3874:	衮衮诸公	1	
3875:	坐而论道	1	
3876:	依山傍水	1	
3877:	坐怀不乱	1	
3878:	伊於胡底	1	
3879:	作威作福	1	
3880:	一毛不拔	1	4
3881:	衣冠禽兽	1	
3882:	作如是观	1	
3883:	坐井观天	1	
3884:	咫尺天涯	1	
3885:	一叶知秋	1	
3886:	剜肉补疮	1	
3887:	一行作吏	1	
3888:	一隅之地	1	
3889:	坐视不救	1	
3890:	一柱擎天	1	
3891:	遐迩闻名	1	
3892:	一之为甚	1	
3893:	饮水思源	1	4
3894:	引颈受戮	1	
3895:	皓首穷经	1	
3896:	圆颅方趾	1	
3897:	追根寻底	1	
3898:	冤家对头	1	
3899:	源头活水	1	
3900:	追本溯源	1	
3901:	壮士断腕	1	
3902:	壮志凌云	1	
3903:	鸠占鹊巢	1	
3904:	欲壑难填	1	
3905:	御驾亲征	1	
3906:	铮铮铁骨	1	
3907:	雨後春笋	1	
3908:	睥睨一切	1	
3909:	自成一格	1	
3910:	自惭形秽	1	
3911:	玉堂金马	1	
3912:	羽扇纶巾	1	
3913:	羽毛丰满	1	
3914:	装神弄鬼	1	
3915:	越俎代庖	1	
3916:	载沉载浮	1	
3917:	蚍蜉撼树	1	
3918:	杂七杂八	1	
3919:	珠圆玉润	1	
3920:	赞口不绝	1	
3921:	造谣中伤	1	
3922:	造谣惑众	1	
3923:	葬身鱼腹	1	
3924:	抓耳挠腮	1	
3925:	晕晕沉沉	1	
3926:	月朗星稀	1	
3927:	一般见识	1	
3928:	一般无二	1	
3929:	云开雾散	1	
3930:	夜阑人静	1	
3931:	叶公好龙	1	
3932:	专心致志	1	
3933:	云雾迷蒙	1	
3934:	自成一家	1	
3935:	自高自大	1	
3936:	由衷之言	1	
3937:	勇者不惧	1	
3938:	永矢弗谖	1	
3939:	油盐酱醋	1	
3940:	自我表现	1	
3941:	有福同享	1	
3942:	一夫当关	1	
3943:	自投罗网	1	
3944:	影影绰绰	1	
3945:	一股脑儿	1	
3946:	英雄气短	1	
3947:	隐恶扬善	1	
3948:	引吭高歌	1	
3949:	英姿勃勃	1	
3950:	英姿勃发	1	
3951:	蝇营狗苟	1	
3952:	桀骜不逊	1	
3953:	应变无方	1	
3954:	有教无类	1	
3955:	有口难辩	1	
3956:	愚夫愚妇	1	
3957:	有隙可乘	1	
3958:	有头无尾	1	
3959:	余波未平	1	
3960:	一触即溃	1	
3961:	恣意妄为	1	
3962:	渔人得利	1	
3963:	余音绕梁	1	
3964:	有条有理	1	
3965:	飒爽英姿	1	
3966:	有口无心	1	4
3967:	一分一毫	1	
3968:	自始自终	1	
3969:	胼手胝足	1	
3970:	有气没力	1	
3971:	有始有终	1	
3972:	有始无终	1	
3973:	自取其咎	1	
3974:	蜚短流长	1	
3975:	排难解纷	1	
3976:	观者云集	1	
3977:	管中窥豹	1	
3978:	观望不前	1	
3979:	官运亨通	1	
3980:	官逼民反	1	
3981:	官官相卫	1	
3982:	光芒万丈	1	
3983:	光阴荏苒	1	
3984:	国仇家恨	1	
3985:	国家栋梁	1	
3986:	鬼蜮伎俩	1	
3987:	鬼哭神嚎	1	
3988:	归根结柢	1	
3989:	挂一漏万	1	
3990:	顾盼自雄	1	
3991:	狗眼看人	1	
3992:	狗仗人势	1	
3993:	狗血喷头	1	
3994:	狗血淋头	1	
3995:	狗屁不通	1	
3996:	孤芳自赏	1	
3997:	孤魂野鬼	1	
3998:	骨瘦如柴	1	
3999:	故步自封	1	
4000:	骨肉相连	1	
4001:	骨肉相残	1	
4002:	古为今用	1	
4003:	国无宁日	1	
4004:	过门不入	1	
4005:	浩浩汤汤	1	
4006:	浩然之气	1	
4007:	好整以暇	1	
4008:	好勇斗狠	1	
4009:	好学不倦	1	
4010:	好言好语	1	
4011:	和颜悦色	1	
4012:	何足道哉	1	
4013:	呼天抢地	1	
4014:	胡搅蛮缠	1	
4015:	红颜薄命	1	
4016:	黑白分明	1	
4017:	何罪之有	1	
4018:	好事之徒	1	
4019:	好好先生	1	
4020:	海底捞针	1	
4021:	含垢忍辱	1	
4022:	过犹不及	1	
4023:	过眼云烟	1	
4024:	过甚其词	1	
4025:	含笑九泉	1	
4026:	喊冤叫屈	1	
4027:	毫无疑义	1	
4028:	好吃懒做	1	
4029:	汗如雨下	1	
4030:	汗流夹背	1	
4031:	悍然不顾	1	
4032:	钩心斗角	1	
4033:	公子哥儿	1	
4034:	奉天承运	1	
4035:	夫唱妇随	1	
4036:	逢凶化吉	1	
4037:	逢山开路	1	
4038:	风雨不改	1	
4039:	风云际会	1	
4040:	扶危济困	1	
4041:	抚今追昔	1	
4042:	覆水难收	1	
4043:	付之一笑	1	
4044:	俯仰之间	1	
4045:	俯首听命	1	
4046:	俯拾皆是	1	
4047:	风刀霜剑	1	
4048:	风吹雨打	1	
4049:	非我族类	1	
4050:	飞蛾投火	1	
4051:	非驴非马	1	
4052:	访贫问苦	1	
4053:	方寸之地	1	
4054:	飞沙走石	1	
4055:	肥头大耳	1	
4056:	焚尸扬灰	1	
4057:	锋芒逼人	1	
4058:	焚林而猎	1	
4059:	分文不值	1	
4060:	分身无术	1	
4061:	父母之邦	1	
4062:	负荆请罪	1	
4063:	各有所短	1	
4064:	各执己见	1	
4065:	各不相让	1	
4066:	隔墙有耳	1	
4067:	高山流水	1	
4068:	割地求和	1	
4069:	攻其无备	1	
4070:	恭贺新禧	1	
4071:	公正不阿	1	
4072:	公正无私	1	
4073:	公明正大	1	
4074:	公而忘私	1	
4075:	躬逢其盛	1	
4076:	高官厚禄	1	
4077:	高唱入云	1	
4078:	改辕易辙	1	
4079:	概莫能外	1	
4080:	改换门庭	1	
4081:	改过自新	1	
4082:	富国强民	1	
4083:	干柴烈火	1	
4084:	甘心情愿	1	
4085:	刚直不阿	1	
4086:	钢筋铁骨	1	
4087:	感慨系之	1	
4088:	感慨万端	1	
4089:	感恩图报	1	
4090:	狐朋狗友	1	
4091:	湖光山色	1	
4092:	矫揉造作	1	
4093:	劫後馀生	1	
4094:	骄兵必败	1	
4095:	讲信修睦	1	
4096:	将门虎子	1	
4097:	江洋大盗	1	
4098:	借古讽今	1	
4099:	借酒浇愁	1	
4100:	金枝玉叶	1	
4101:	今夕何夕	1	
4102:	金屋藏娇	1	
4103:	金口玉牙	1	
4104:	筋疲力竭	1	
4105:	将错就错	1	
4106:	剑及履及	1	
4107:	坚如盘石	1	
4108:	坚贞不屈	1	4
4109:	坚强不屈	1	
4110:	假公济私	1	
4111:	加减乘除	1	
4112:	兼容并包	1	
4113:	缄口不言	1	
4114:	见笑大方	1	
4115:	见异思迁	1	
4116:	见财起意	1	
4117:	贱买贵卖	1	
4118:	简明扼要	1	
4119:	荆棘载途	1	
4120:	惊喜交加	1	
4121:	开怀畅饮	1	
4122:	看菜吃饭	1	
4123:	开国功臣	1	
4124:	绝路逢生	1	
4125:	具体而微	1	
4126:	决一雌雄	1	
4127:	看风使舵	1	
4128:	看家本事	1	
4129:	刻舟求剑	1	
4130:	空洞无物	1	
4131:	克勤克俭	1	
4132:	克己复礼	1	
4133:	看破红尘	1	
4134:	聚讼纷纭	1	
4135:	举世无敌	1	
4136:	敬谢不敏	1	
4137:	镜花水月	1	
4138:	经纬万端	1	
4139:	精神焕发	1	
4140:	精妙绝伦	1	
4141:	九泉之下	1	
4142:	九世之仇	1	
4143:	局促不安	1	
4144:	举国一致	1	
4145:	就汤下面	1	
4146:	酒肉朋友	1	
4147:	酒绿灯红	1	
4148:	家学渊源	1	
4149:	家无担石	1	
4150:	昏天黑地	1	
4151:	昏头昏脑	1	
4152:	绘影绘声	1	
4153:	诲淫诲盗	1	
4154:	悔过自新	1	
4155:	惠而不费	1	
4156:	魂不守舍	1	
4157:	魂飞胆破	1	
4158:	混淆黑白	1	
4159:	豁达大度	1	
4160:	浑然天成	1	
4161:	魂牵梦萦	1	
4162:	魂飞天外	1	
4163:	回眸一笑	1	
4164:	回光返照	1	
4165:	花甲之年	1	
4166:	花容月貌	1	
4167:	花花世界	1	
4168:	虎头虎脑	1	
4169:	虎口拔牙	1	
4170:	花香鸟语	1	
4171:	画虎不成	1	
4172:	黄钟大吕	1	
4173:	恍如隔世	1	
4174:	黄道吉日	1	
4175:	还我河山	1	
4176:	欢喜冤家	1	
4177:	活蹦乱跳	1	
4178:	火急火燎	1	
4179:	急风暴雨	1	
4180:	急公好义	1	
4181:	急不择言	1	
4182:	及时行乐	1	
4183:	极目远眺	1	
4184:	集腋成裘	1	
4185:	急如星火	1	
4186:	急中生智	1	
4187:	家长里短	1	
4188:	家徒四壁	1	
4189:	寂寂无闻	1	
4190:	疾声厉色	1	
4191:	急於求成	1	
4192:	极乐世界	1	
4193:	极而言之	1	
4194:	祸福相倚	1	
4195:	祸起萧墙	1	
4196:	祸从天降	1	
4197:	火烧眉毛	1	
4198:	火上添油	1	
4199:	积年累月	1	
4200:	积习难改	1	
4201:	鸡鸣狗盗	1	
4202:	吉祥如意	1	
4203:	鸡飞狗走	1	
4204:	鸡飞狗跳	1	
4205:	鸡飞蛋打	1	
4206:	返璞归真	1	
4207:	返老还童	1	
4208:	不期而然	1	
4209:	不忍卒读	1	
4210:	不念旧恶	1	
4211:	不能自已	1	
4212:	不可胜数	1	
4213:	不可向迩	1	
4214:	不容置喙	1	
4215:	不识好歹	1	
4216:	不赞一词	1	
4217:	不知好歹	1	
4218:	不无小补	1	
4219:	不死不活	1	
4220:	不识之无	1	
4221:	不拘小节	1	
4222:	不咎既往	1	
4223:	不拔之志	1	
4224:	不白之冤	1	
4225:	伯乐相马	1	
4226:	博学多才	1	
4227:	波光粼粼	1	
4228:	不成体统	1	
4229:	不耻下问	1	
4230:	不分彼此	1	
4231:	不教而诛	1	
4232:	不乏先例	1	
4233:	不得善终	1	
4234:	不揣冒昧	1	
4235:	不知进退	1	
4236:	不知就里	1	
4237:	长江天堑	1	
4238:	长生不老	1	
4239:	长歌当哭	1	
4240:	缠绵悱恻	1	
4241:	察言观行	1	
4242:	察颜观色	1	
4243:	长生不死	1	
4244:	超群拔萃	1	
4245:	趁人之危	1	
4246:	称名道姓	1	
4247:	晨钟暮鼓	1	
4248:	朝秦暮楚	1	
4249:	朝发夕至	1	
4250:	茶馀饭後	1	
4251:	插翅难逃	1	
4252:	不徇私情	1	
4253:	擦脂抹粉	1	
4254:	不尴不尬	1	
4255:	不足为训	1	
4256:	不知死活	1	
4257:	才高八斗	1	
4258:	灿烂辉煌	1	
4259:	草长莺飞	1	
4260:	草芥人命	1	
4261:	草草了事	1	
4262:	仓皇失措	1	
4263:	苍松翠柏	1	
4264:	病从口入	1	
4265:	秉公办理	1	
4266:	百年之好	1	
4267:	百年之约	1	
4268:	百年不遇	1	
4269:	百口莫辩	1	
4270:	白云苍狗	1	
4271:	白璧无瑕	1	
4272:	百无一用	1	
4273:	稗官野史	1	
4274:	半死不活	1	
4275:	半文半白	1	
4276:	半路出家	1	
4277:	半壁河山	1	
4278:	班师回朝	1	
4279:	巴山蜀水	1	
4280:	八万四千	1	
4281:	爱屋及乌	1	
4282:	安份守己	1	
4283:	爱民如子	1	
4284:	碍手碍脚	1	
4285:	哀痛欲绝	1	
4286:	安家立业	1	
4287:	安民告示	1	
4288:	傲然屹立	1	
4289:	八面玲珑	1	
4290:	暗中摸索	1	
4291:	按步就班	1	
4292:	安贫乐道	1	
4293:	包罗万有	1	
4294:	剥茧抽丝	1	
4295:	变动不居	1	
4296:	变化无常	1	
4297:	便宜行事	1	
4298:	避强击弱	1	
4299:	闭门自守	1	
4300:	壁立千仞	1	
4301:	变化无穷	1	
4302:	变幻无穷	1	
4303:	兵强马壮	1	
4304:	兵凶战危	1	
4305:	兵不厌诈	1	
4306:	别具匠心	1	
4307:	标新立异	1	
4308:	笔酣墨饱	1	
4309:	比肩而立	1	
4310:	饱学之士	1	
4311:	饱以老拳	1	
4312:	饱食终日	1	
4313:	饱经世故	1	
4314:	饱经风霜	1	
4315:	宝刀不老	1	
4316:	暴虎冯河	1	
4317:	奔走呼号	1	
4318:	逼良为娼	1	
4319:	悲喜交集	1	
4320:	悲天悯人	1	
4321:	暴殄天物	1	
4322:	称心满意	1	
4323:	成人之美	1	
4324:	鼎足而三	1	
4325:	丢三拉四	1	
4326:	鼎足而立	1	
4327:	调虎离山	1	
4328:	典章文物	1	
4329:	调和鼎鼐	1	
4330:	东奔西跑	1	
4331:	东奔西走	1	4
4332:	东征西讨	1	
4333:	动人心弦	1	
4334:	东歪西倒	1	
4335:	东拼西凑	1	
4336:	东南半壁	1	
4337:	点头之交	1	
4338:	颠沛流离	1	
4339:	得意扬扬	1	
4340:	得鱼忘筌	1	
4341:	得失成败	1	
4342:	得陇望蜀	1	
4343:	道义之交	1	
4344:	登高一呼	1	
4345:	低眉顺眼	1	
4346:	帝王将相	1	
4347:	颠倒乾坤	1	
4348:	地大物博	1	
4349:	敌忾同仇	1	
4350:	低吟浅唱	1	
4351:	动心忍性	1	
4352:	栋梁之材	1	
4353:	耳红面赤	1	
4354:	耳闻目染	1	
4355:	耳根清净	1	
4356:	耳聪目明	1	
4357:	恩重如山	1	
4358:	儿女情长	1	
4359:	发财致富	1	
4360:	翻江倒海	1	
4361:	反躬自省	1	
4362:	反面教员	1	
4363:	反唇相稽	1	
4364:	凡夫俗子	1	
4365:	繁文缛节	1	
4366:	恩怨分明	1	
4367:	多难兴邦	1	
4368:	独立王国	1	
4369:	独木难支	1	
4370:	独夫民贼	1	
4371:	抖擞精神	1	
4372:	洞察其奸	1	
4373:	独往独来	1	
4374:	独行独断	1	
4375:	囤积居奇	1	
4376:	多快好省	1	
4377:	对症之药	1	
4378:	断垣残壁	1	
4379:	度日如年	1	
4380:	道德文章	1	
4381:	蹈其覆辙	1	
4382:	传诵一时	1	
4383:	窗明几净	1	
4384:	楚才晋用	1	
4385:	除旧布新	1	
4386:	愁云惨雾	1	
4387:	出师有名	1	
4388:	创业维艰	1	
4389:	吹弹得破	1	
4390:	慈眉善目	1	
4391:	此恨绵绵	1	
4392:	春寒料峭	1	
4393:	春光明媚	1	
4394:	春风化雨	1	
4395:	愁眉不展	1	
4396:	宠辱不惊	1	
4397:	承先启后	1	
4398:	持平之论	1	
4399:	承前启後	1	
4400:	惩前毖后	1	
4401:	成双成对	1	
4402:	持盈保泰	1	
4403:	持之有故	1	
4404:	尺有所短	1	
4405:	赤县神州	1	
4406:	齿白唇红	1	
4407:	迟暮之年	1	
4408:	池鱼之殃	1	
4409:	聪明一世	1	
4410:	粗茶淡饭	1	
4411:	大张声势	1	
4412:	大张挞伐	1	
4413:	大有起色	1	
4414:	大题小作	1	
4415:	大煞风景	1	
4416:	大智若愚	1	
4417:	戴罪立功	1	
4418:	弹无虚发	1	
4419:	当耳旁风	1	
4420:	弹冠相庆	1	
4421:	胆小如鼠	1	
4422:	胆大心细	1	
4423:	大人先生	1	
4424:	大仁大义	1	
4425:	打家劫舍	1	
4426:	打死老虎	1	
4427:	措置裕如	1	
4428:	寸有所长	1	
4429:	篡党夺权	1	
4430:	打铁趁热	1	
4431:	大而无当	1	
4432:	大江东去	1	
4433:	大气磅礴	1	
4434:	大吉大利	1	
4435:	大放厥辞	1	
4436:	大方之家	1	
4437:	孔孟之道	1	
4438:	口齿伶俐	1	
4439:	四大皆空	1	
4440:	四方八面	1	
4441:	死皮赖脸	1	
4442:	死而后已	1	
4443:	私心杂念	1	
4444:	死不悔改	1	
4445:	四战之地	1	
4446:	似水流年	1	
4447:	岁月蹉跎	1	
4448:	所费不赀	1	
4449:	算无遗策	1	
4450:	俗不可耐	1	
4451:	搜肠刮肚	1	
4452:	说来话长	1	
4453:	说东道西	1	
4454:	束手缚脚	1	
4455:	双宿双飞	1	
4456:	束手待毙	1	
4457:	树大根深	1	
4458:	鼠窃狗偷	1	
4459:	水滴石穿	1	
4460:	水来土掩	1	
4461:	说长道短	1	
4462:	说长论短	1	
4463:	瞬息之间	1	
4464:	水中捞月	1	
4465:	水月观音	1	
4466:	踏破铁鞋	1	
4467:	贪财好色	1	
4468:	同仇敌慨	1	
4469:	投鞭断流	1	
4470:	通家之好	1	
4471:	亭台楼阁	1	
4472:	铁桶江山	1	
4473:	铁嘴钢牙	1	
4474:	头昏眼花	1	
4475:	图财害命	1	
4476:	推三阻四	1	
4477:	吞云吐雾	1	
4478:	兔死狐悲	1	
4479:	土豪劣绅	1	
4480:	徒有其名	1	
4481:	铁石心肠	1	
4482:	条分缕析	1	
4483:	腾云驾雾	1	
4484:	天差地远	1	
4485:	探头探脑	1	4
4486:	谈笑自若	1	
4487:	谈虎色变	1	
4488:	天公地道	1	
4489:	天理人情	1	
4490:	天旋地转	1	
4491:	挑三拣四	1	
4492:	天下无双	1	
4493:	天随人愿	1	
4494:	天上人间	1	
4495:	鼠目寸光	1	
4496:	蜀犬吠日	1	
4497:	声名狼籍	1	
4498:	声情并茂	1	
4499:	沈默寡言	1	
4500:	神色自若	1	
4501:	神气十足	1	
4502:	神清气爽	1	
4503:	生花妙笔	1	
4504:	生离死别	1	
4505:	生死之交	1	
4506:	胜任愉快	1	
4507:	生死与共	1	
4508:	生杀予夺	1	
4509:	生民涂炭	1	
4510:	神机妙算	1	
4511:	深山幽谷	1	
4512:	少不经事	1	
4513:	少言寡语	1	
4514:	稍胜一筹	1	
4515:	上下同欲	1	
4516:	赏罚分明	1	
4517:	舍己救人	1	
4518:	舍己为人	1	
4519:	深明大义	1	
4520:	深情厚意	1	
4521:	身心交瘁	1	
4522:	身历其境	1	
4523:	舍生取义	1	
4524:	诗情画意	1	
4525:	十万火急	1	
4526:	手不停挥	1	
4527:	首善之区	1	
4528:	视如敝屣	1	
4529:	市井之徒	1	
4530:	是非颠倒	1	
4531:	是古非今	1	
4532:	首鼠两端	1	
4533:	寿比南山	1	
4534:	书声琅琅	1	
4535:	熟能生巧	1	
4536:	书不尽意	1	
4537:	殊路同归	1	
4538:	瘦骨伶仃	1	
4539:	势焰熏天	1	
4540:	逝者如斯	1	
4541:	拾遗补阙	1	
4542:	时乖命蹇	1	
4543:	拾人牙慧	1	
4544:	拾金不昧	1	
4545:	十指连心	1	
4546:	时来运转	1	
4547:	矢口抵赖	1	
4548:	事无常师	1	
4549:	事预则立	1	
4550:	事不过三	1	
4551:	事必躬亲	1	
4552:	世风日下	1	
4553:	唾面自干	1	
4554:	外圆内方	1	
4555:	心浮气躁	1	
4556:	心怀鬼胎	1	
4557:	心弛神往	1	
4558:	欣然自得	1	
4559:	邪不胜正	1	
4560:	邪门歪道	1	
4561:	心怀叵测	1	
4562:	心慌意乱	1	
4563:	心神不宁	1	
4564:	心术不正	1	
4565:	心如古井	1	
4566:	心如刀割	1	
4567:	心宽体胖	1	
4568:	笑容可掬	1	
4569:	小巧玲珑	1	
4570:	响遏行云	1	
4571:	向隅而泣	1	
4572:	相生相克	1	
4573:	相机行事	1	
4574:	嫌贫爱富	1	
4575:	萧规曹随	1	
4576:	霄壤之别	1	
4577:	小康之家	1	
4578:	小鸟依人	1	
4579:	小家碧玉	1	
4580:	小大由之	1	
4581:	削足适履	1	
4582:	心细如发	1	
4583:	心向往之	1	
4584:	血债累累	1	
4585:	询谋佥同	1	
4586:	血流漂杵	1	
4587:	血口喷人	1	
4588:	学无止境	1	
4589:	雪兆丰年	1	
4590:	寻章摘句	1	
4591:	严丝合缝	1	
4592:	言为心声	1	
4593:	言之无物	1	
4594:	言归正传	1	
4595:	言多必失	1	
4596:	言不及义	1	
4597:	选贤与能	1	
4598:	悬梁刺股	1	
4599:	信而有征	1	
4600:	信口开合	1	
4601:	心中无数	1	
4602:	心猿意马	1	
4603:	心心念念	1	
4604:	兴味索然	1	
4605:	行不由径	1	
4606:	袖里乾坤	1	
4607:	绣花枕头	1	
4608:	秀色可餐	1	
4609:	胸无点墨	1	
4610:	胸怀大志	1	
4611:	弦外之意	1	
4612:	弦外有音	1	
4613:	伟绩丰功	1	
4614:	尾大不掉	1	
4615:	委靡不振	1	
4616:	维妙维肖	1	
4617:	为人作嫁	1	
4618:	为善最乐	1	
4619:	蔚成风气	1	
4620:	畏首畏尾	1	
4621:	温文儒雅	1	
4622:	文人相轻	1	
4623:	温故知新	1	
4624:	谓予不信	1	
4625:	畏之如虎	1	
4626:	唯命是听	1	
4627:	违心之论	1	
4628:	万马奔腾	1	
4629:	万象更新	1	
4630:	万里长征	1	
4631:	万贯家财	1	
4632:	完事大吉	1	
4633:	万应灵丹	1	
4634:	万紫千红	1	
4635:	微言大义	1	
4636:	危如累卵	1	
4637:	望尘不及	1	
4638:	枉费心计	1	
4639:	王侯将相	1	
4640:	文治武功	1	
4641:	闻风而逃	1	
4642:	五洲四海	1	
4643:	物尽其用	1	
4644:	五日京兆	1	
4645:	五内如焚	1	
4646:	吴下阿蒙	1	
4647:	五毒俱全	1	
4648:	息息相通	1	
4649:	喜怒无常	1	
4650:	先来後到	1	
4651:	先礼後兵	1	
4652:	瞎子摸象	1	
4653:	细枝末节	1	
4654:	细微末节	1	
4655:	无足重轻	1	
4656:	无庸赘述	1	
4657:	乌七八糟	1	
4658:	污七八糟	1	
4659:	我见犹怜	1	
4660:	稳如泰山	1	
4661:	闻风而至	1	
4662:	无敌天下	1	
4663:	无名小卒	1	
4664:	无所用心	1	
4665:	无影无形	1	
4666:	无所不知	1	
4667:	无所不可	1	
4668:	无奇不有	1	
4669:	善与人交	1	
4670:	杀人越货	1	
4671:	面如死灰	1	
4672:	渺无人烟	1	
4673:	密锣紧鼓	1	
4674:	迷惑视听	1	
4675:	没头没脑	1	
4676:	眉开眼笑	1	
4677:	民生凋敝	1	
4678:	明媒正娶	1	
4679:	鸣鼓而攻	1	
4680:	名落孙山	1	
4681:	明知故问	1	
4682:	明正典刑	1	
4683:	明枪暗箭	1	
4684:	没头苍蝇	1	
4685:	没没无闻	1	
4686:	满坑满谷	1	
4687:	满山遍野	1	
4688:	满腹经纶	1	
4689:	卖友求荣	1	
4690:	卖身投靠	1	
4691:	漫山遍野	1	
4692:	漫天开价	1	
4693:	冒大不韪	1	
4694:	貌似强大	1	
4695:	毛骨耸然	1	
4696:	茫然若失	1	
4697:	漫无边际	1	
4698:	命在旦夕	1	
4699:	谬以千里	1	
4700:	内外夹攻	1	
4701:	能文能武	1	
4702:	难乎其难	1	
4703:	男尊女卑	1	
4704:	男耕女织	1	
4705:	男婚女嫁	1	
4706:	泥沙俱下	1	
4707:	逆耳之言	1	
4708:	怒形于色	1	
4709:	女大当嫁	1	
4710:	宁缺毋滥	1	
4711:	捏一把汗	1	
4712:	逆水行舟	1	
4713:	男大当婚	1	
4714:	南征北讨	1	
4715:	莫可名状	1	
4716:	莫明其妙	1	
4717:	莫测高深	1	
4718:	磨拳擦掌	1	
4719:	谬种流传	1	
4720:	莫逆之交	1	
4721:	莫予毒也	1	
4722:	木已成舟	1	
4723:	目不忍睹	1	
4724:	暮气沉沉	1	
4725:	暮鼓晨钟	1	
4726:	墨迹未干	1	
4727:	卖国求荣	1	
4728:	卖犊买刀	1	
4729:	劳民动众	1	
4730:	老于世故	1	
4731:	劳而无功	1	
4732:	浪迹江湖	1	
4733:	狼烟四起	1	
4734:	朗朗上口	1	
4735:	泪如泉涌	1	
4736:	冷暖自知	1	
4737:	利害相关	1	
4738:	立此存照	1	
4739:	礼崩乐坏	1	
4740:	离群索居	1	
4741:	冷眼相待	1	
4742:	来日方长	1	
4743:	来去无踪	1	
4744:	苦大仇深	1	
4745:	苦尽甘来	1	
4746:	口说无凭	1	
4747:	口蜜腹剑	1	
4748:	口耳相传	1	
4749:	苦口良药	1	
4750:	苦乐不均	1	
4751:	窥豹一斑	1	
4752:	拉家带口	1	
4753:	旷古未有	1	
4754:	狂风骤雨	1	
4755:	夸夸而谈	1	
4756:	沥胆披肝	1	
4757:	力争上游	1	
4758:	笼而统之	1	
4759:	笼络人心	1	
4760:	龙潭虎穴	1	
4761:	龙飞凤舞	1	
4762:	六亲不认	1	
4763:	六神无主	1	
4764:	屡教不改	1	
4765:	绿林好汉	1	
4766:	马耳东风	1	
4767:	马革裹尸	1	
4768:	马到功成	1	
4769:	络驿不绝	1	
4770:	掠人之美	1	
4771:	流芳千古	1	
4772:	留连忘返	1	
4773:	量力而为	1	
4774:	聊胜于无	1	
4775:	两小无猜	1	
4776:	良药苦口	1	
4777:	良辰美景	1	
4778:	料事如神	1	
4779:	列祖列宗	1	
4780:	令人起敬	1	
4781:	溜须拍马	1	
4782:	令人莫测	1	
4783:	玲珑剔透	1	
4784:	临危授命	1	
4785:	排除异己	1	
4786:	攀龙附凤	1	
4787:	秋毫无犯	1	
4788:	求全责备	1	
4789:	琼楼玉宇	1	
4790:	请君入瓮	1	
4791:	情深义重	1	
4792:	情窦初开	1	
4793:	去伪存真	1	
4794:	权衡轻重	1	
4795:	群魔乱舞	1	
4796:	仁人志士	1	
4797:	却之不恭	1	
4798:	全知全能	1	
4799:	权宜之策	1	
4800:	情不自已	1	
4801:	清汤寡水	1	
4802:	青面獠牙	1	
4803:	青山绿水	1	
4804:	青出于蓝	1	
4805:	沁人心脾	1	
4806:	乔迁之喜	1	
4807:	青云直上	1	
4808:	轻歌曼舞	1	
4809:	卿卿我我	1	
4810:	清风明月	1	
4811:	倾国倾城	1	
4812:	轻装简从	1	
4813:	轻手轻脚	1	
4814:	仁心仁术	1	
4815:	人定胜天	1	
4816:	如日方中	1	
4817:	如丧考妣	1	
4818:	如履如临	1	
4819:	如履平地	1	
4820:	戎马倥偬	1	
4821:	如法泡制	1	
4822:	如坐春风	1	
4823:	入情入理	1	
4824:	三山五岳	1	
4825:	三生有幸	1	
4826:	三六九等	1	
4827:	三皇五帝	1	
4828:	塞翁失马	1	
4829:	日落西山	1	
4830:	任其自然	1	
4831:	人强马壮	1	
4832:	人情世故	1	
4833:	人间天堂	1	
4834:	人喊马嘶	1	
4835:	人浮於事	1	
4836:	人穷志短	1	
4837:	人事不省	1	
4838:	任劳任怨	1	
4839:	任其自流	1	
4840:	人心难测	1	
4841:	人手一册	1	
4842:	人事不醒	1	
4843:	强作解人	1	
4844:	强颜欢笑	1	
4845:	扑天盖地	1	
4846:	普渡众生	1	
4847:	破铜烂铁	1	
4848:	破涕为笑	1	
4849:	破釜沈舟	1	
4850:	破罐破摔	1	
4851:	普天之下	1	
4852:	七老八十	1	
4853:	七折八扣	1	
4854:	凄风冷雨	1	
4855:	七情六欲	1	
4856:	七窍生烟	1	
4857:	七七八八	1	
4858:	屏声静气	1	
4859:	评头品足	1	
4860:	喷云吐雾	1	
4861:	披红戴花	1	
4862:	喷薄欲出	1	
4863:	刨根究底	1	
4864:	咆哮如雷	1	
4865:	匹马当先	1	
4866:	偏听偏信	1	
4867:	平白无故	1	
4868:	评头论足	1	
4869:	平白无辜	1	
4870:	萍水相逢	1	4
4871:	拼死拼活	1	
4872:	其乐无穷	1	
4873:	棋逢对手	1	
4874:	千钧一发	1	
4875:	千人所指	1	
4876:	千回百转	1	
4877:	千古绝唱	1	
4878:	千恩万谢	1	
4879:	千山万壑	1	
4880:	千岩万壑	1	
4881:	堑山堙谷	1	
4882:	强奸民意	1	
4883:	浅尝辄止	1	
4884:	前赴後继	1	
4885:	千载一时	1	
4886:	牵肠挂肚	1	
4887:	掐头去尾	1	
4888:	齐心合力	1	
4889:	起早摸黑	1	
4890:	歧路亡羊	1	
4891:	奇装异服	1	
4892:	奇花异草	1	4
4893:	起早贪黑	1	
4894:	气喘如牛	1	
4895:	弃暗投明	1	
4896:	弃旧图新	1	
4897:	气壮山河	1	
4898:	气象万千	1	
4899:	气吞山河	1	
4900:	燕瘦环肥	1	